id,product_id,image_url
1,1,https://cdn2.cellphones.com.vn/media/catalog/product/g/r/group_604_2__2_3_1.png
2,1,https://cellphones.com.vn/media/catalog/product/c/p/cps-25-03_33_.png
3,1,https://cellphones.com.vn/media/catalog/product/g/r/group_604_2__2_3_1.png
4,2,https://cdn2.cellphones.com.vn/media/catalog/product/b/a/ban-di-chuot-asus-rog-strix-edge_1_.png
5,2,https://cellphones.com.vn/media/catalog/product/b/a/ban-di-chuot-asus-rog-strix-edge_2__1.png
6,2,https://cellphones.com.vn/media/catalog/product/b/a/ban-di-chuot-asus-rog-strix-edge_1_.png
7,3,https://cdn2.cellphones.com.vn/media/catalog/product/b/a/ban-phim-co-co-day-e-dra-ek316-den_1_.png
8,3,https://cellphones.com.vn/media/catalog/product/b/a/ban-phim-co-co-day-e-dra-ek316-den_2__1.png
9,3,https://cellphones.com.vn/media/catalog/product/b/a/ban-phim-co-co-day-e-dra-ek316-den_2__2.png
10,3,https://cellphones.com.vn/media/catalog/product/b/a/ban-phim-co-co-day-e-dra-ek316-den_2__3.png
11,3,https://cellphones.com.vn/media/catalog/product/b/a/ban-phim-co-co-day-e-dra-ek316-den_1_.png
12,4,https://cdn2.cellphones.com.vn/media/catalog/product/b/a/ban-phim-co-co-day-rapoo-v501-87-den-xam-cam_1_.png
13,4,https://cellphones.com.vn/media/catalog/product/b/a/ban-phim-co-co-day-rapoo-v501-87-den-xam-cam_2__1.png
14,4,https://cellphones.com.vn/media/catalog/product/b/a/ban-phim-co-co-day-rapoo-v501-87-den-xam-cam_1_.png
15,5,https://cdn2.cellphones.com.vn/media/catalog/product/b/a/ban-phim-co-gaming-e-dra-ek3104k-den_1_.png
16,5,https://cellphones.com.vn/media/catalog/product/b/a/ban-phim-co-gaming-e-dra-ek3104k-den_2__1.png
17,5,https://cellphones.com.vn/media/catalog/product/b/a/ban-phim-co-gaming-e-dra-ek3104k-den_3__1.png
18,5,https://cellphones.com.vn/media/catalog/product/b/a/ban-phim-co-gaming-e-dra-ek3104k-den_1_.png
19,6,https://cdn2.cellphones.com.vn/media/catalog/product/b/a/ban-phim-co-gaming-e-dra-ek315x-den-xam_1_.png
20,6,https://cellphones.com.vn/media/catalog/product/b/a/ban-phim-co-gaming-e-dra-ek315x-den-xam_2__1.png
21,6,https://cellphones.com.vn/media/catalog/product/b/a/ban-phim-co-gaming-e-dra-ek315x-den-xam_1_.png
22,7,https://cdn2.cellphones.com.vn/media/catalog/product/b/a/ban-phim-co-gaming-e-dra-ek315x-xam-den_1_.png
23,7,https://cellphones.com.vn/media/catalog/product/b/a/ban-phim-co-gaming-e-dra-ek315x-xam-den_2__1.png
24,7,https://cellphones.com.vn/media/catalog/product/b/a/ban-phim-co-gaming-e-dra-ek315x-xam-den_1_.png
25,8,https://cdn2.cellphones.com.vn/media/catalog/product/b/a/ban-phim-co-gaming-e-dra-ek398prov2-den_1_.png
26,8,https://cellphones.com.vn/media/catalog/product/b/a/ban-phim-co-gaming-e-dra-ek398prov2-den_2__1.png
27,8,https://cellphones.com.vn/media/catalog/product/b/a/ban-phim-co-gaming-e-dra-ek398prov2-den_1_.png
28,9,https://cdn2.cellphones.com.vn/media/catalog/product/b/a/ban-phim-co-gaming-e-dra-ek398x-alpha-den-xam_1_.png
29,9,https://cellphones.com.vn/media/catalog/product/b/a/ban-phim-co-gaming-e-dra-ek398x-alpha-den-xam_2__1.png
30,9,https://cellphones.com.vn/media/catalog/product/b/a/ban-phim-co-gaming-e-dra-ek398x-alpha-den-xam_1_.png
31,10,https://cdn2.cellphones.com.vn/media/catalog/product/b/a/ban-phim-co-gaming-e-dra-ek398x-beta-den-xam_1_.png
32,10,https://cellphones.com.vn/media/catalog/product/b/a/ban-phim-co-gaming-e-dra-ek398x-beta-den-xam_2__1.png
33,10,https://cellphones.com.vn/media/catalog/product/b/a/ban-phim-co-gaming-e-dra-ek398x-beta-den-xam_1_.png
34,11,https://cdn2.cellphones.com.vn/media/catalog/product/c/h/chuot-co-day-e-dra-em6102_1_.png
35,11,https://cellphones.com.vn/media/catalog/product/c/h/chuot-co-day-e-dra-em6102_2__1.png
36,11,https://cellphones.com.vn/media/catalog/product/c/h/chuot-co-day-e-dra-em6102_3__1.png
37,11,https://cellphones.com.vn/media/catalog/product/c/h/chuot-co-day-e-dra-em6102_4__1.png
38,11,https://cellphones.com.vn/media/catalog/product/c/h/chuot-co-day-e-dra-em6102_1_.png
39,12,https://cdn2.cellphones.com.vn/media/catalog/product/c/h/chuot-co-day-e-dra-em6102pro_1_.png
40,12,https://cellphones.com.vn/media/catalog/product/c/h/chuot-co-day-e-dra-em6102pro_2__1.png
41,12,https://cellphones.com.vn/media/catalog/product/c/h/chuot-co-day-e-dra-em6102pro_1_.png
42,13,https://cdn2.cellphones.com.vn/media/catalog/product/c/h/chuot-gaming-khong-day-e-dra-em623w_1_.png
43,13,https://cellphones.com.vn/media/catalog/product/c/h/chuot-gaming-khong-day-e-dra-em623w_2__1.png
44,13,https://cellphones.com.vn/media/catalog/product/c/h/chuot-gaming-khong-day-e-dra-em623w_7__1.png
45,13,https://cellphones.com.vn/media/catalog/product/c/h/chuot-gaming-khong-day-e-dra-em623w_1_.png
46,14,https://cdn2.cellphones.com.vn/media/catalog/product/c/h/chuot-gaming-khong-day-e-dra-em631w_1_.png
47,14,https://cellphones.com.vn/media/catalog/product/c/h/chuot-gaming-khong-day-e-dra-em631w_2__1.png
48,14,https://cellphones.com.vn/media/catalog/product/c/h/chuot-gaming-khong-day-e-dra-em631w_3__1.png
49,14,https://cellphones.com.vn/media/catalog/product/c/h/chuot-gaming-khong-day-e-dra-em631w_1_.png
50,15,https://cdn2.cellphones.com.vn/media/catalog/product/h/o/honor-x8d-2_2.jpg
51,15,https://cellphones.com.vn/media/catalog/product/d/i/dien-thoai-honor-x8d-cu-da-kich-hoat.jpg
52,15,https://cellphones.com.vn/media/catalog/product/h/o/honor-x8d-2_2.jpg
53,16,https://cdn2.cellphones.com.vn/media/catalog/product/x/i/xiaomi-poco-x8-pro-max_2_1.jpg
54,16,https://cellphones.com.vn/media/catalog/product/d/i/dien-thoai-xiaomi-poco-x8-pro-max-cu-da-kich-hoat.jpg
55,16,https://cellphones.com.vn/media/catalog/product/x/i/xiaomi-poco-x8-pro-max_2_1.jpg
56,17,https://cdn2.cellphones.com.vn/media/catalog/product/j/s/jscnkscmns_1_2_1.jpg
57,17,https://cdn2.cellphones.com.vn/200x/media/catalog/productno_selection
58,17,https://cellphones.com.vn/media/catalog/product/c/p/cps-25-03_26_.png
59,17,https://cellphones.com.vn/media/catalog/product/j/s/jscnkscmns_1_2_1.jpg
60,18,https://cdn2.cellphones.com.vn/media/catalog/product/g/i/gia-do-tan-nhiet-ipad-dien-thoai-rain-design-mstand_1_.png
61,18,https://cellphones.com.vn/media/catalog/product/g/i/gia-do-tan-nhiet-ipad-dien-thoai-rain-design-mstand_2__1.png
62,18,https://cellphones.com.vn/media/catalog/product/g/i/gia-do-tan-nhiet-ipad-dien-thoai-rain-design-mstand_1_.png
63,19,https://cdn2.cellphones.com.vn/media/catalog/product/g/i/gia-do-tan-nhiet-laptop-macbook-rain-design-mbar-pro-foldable-space_1_.png
64,19,https://cellphones.com.vn/media/catalog/product/g/i/gia-do-tan-nhiet-laptop-macbook-rain-design-mbar-pro-foldable-space_2__1.png
65,19,https://cellphones.com.vn/media/catalog/product/g/i/gia-do-tan-nhiet-laptop-macbook-rain-design-mbar-pro-foldable-space_1_.png
66,20,https://cdn2.cellphones.com.vn/media/catalog/product/g/i/gia-do-tan-nhiet-laptop-macbook-rain-design-mbar-space-grace_1_.png
67,20,https://cellphones.com.vn/media/catalog/product/g/i/gia-do-tan-nhiet-laptop-macbook-rain-design-mbar-space-grace_2__1.png
68,20,https://cellphones.com.vn/media/catalog/product/g/i/gia-do-tan-nhiet-laptop-macbook-rain-design-mbar-space-grace_1_.png
69,21,https://cdn2.cellphones.com.vn/media/catalog/product/g/r/group_744_2__8_2_2.png
70,21,https://cellphones.com.vn/media/catalog/product/c/p/cps-25-03_45_.png
71,21,https://cellphones.com.vn/media/catalog/product/g/r/group_744_2__8_2_2.png
72,22,https://cdn2.cellphones.com.vn/media/catalog/product/l/a/laptop-acer-aspire-lite-15-al15-51m-55nb-nxkrssv001_2_.png
73,22,https://cellphones.com.vn/media/catalog/product/l/a/laptop-acer-aspire-lite-15-al15-51m-55nb-nxkrssv001_1.png
74,22,https://cellphones.com.vn/media/catalog/product/l/a/laptop-acer-aspire-lite-15-al15-51m-55nb-nxkrssv001_2_.png
75,23,https://cdn2.cellphones.com.vn/media/catalog/product/g/r/group_789_2.png
76,23,https://cellphones.com.vn/media/catalog/product/c/p/cps-25-03_46_.png
77,23,https://cellphones.com.vn/media/catalog/product/g/r/group_789_2.png
78,24,https://cdn2.cellphones.com.vn/media/catalog/product/g/r/group_744_1_54_1_1.png
79,24,https://cellphones.com.vn/media/catalog/product/c/p/cps-25-03_34_.png
80,24,https://cellphones.com.vn/media/catalog/product/g/r/group_744_1_54_1_1.png
81,25,https://cdn2.cellphones.com.vn/media/catalog/product/g/r/group_744_1_56_4.png
82,25,https://cellphones.com.vn/media/catalog/product/c/p/cps-25-03_37_.png
83,25,https://cellphones.com.vn/media/catalog/product/g/r/group_744_1_56_4.png
84,26,https://cdn2.cellphones.com.vn/media/catalog/product/l/a/laptop-dell-inspiron-16-5630_7_.png
85,26,https://cellphones.com.vn/media/catalog/product/l/a/laptop-dell-inspiron-16-5630_4.png
86,26,https://cellphones.com.vn/media/catalog/product/l/a/laptop-dell-inspiron-16-5630_7_.png
87,27,https://cdn2.cellphones.com.vn/media/catalog/product/c/p/cps-25-03_39_.png
88,27,https://cellphones.com.vn/media/catalog/product/c/p/cps-25-03_38_.png
89,27,https://cellphones.com.vn/media/catalog/product/c/p/cps-25-03_39_.png
90,28,https://cdn2.cellphones.com.vn/media/catalog/product/l/a/laptop-dell-vostro-3520-v5i5267w1_2_.png
91,28,https://cellphones.com.vn/media/catalog/product/l/a/laptop-dell-vostro-3520-v5i5267w1_1.png
92,28,https://cellphones.com.vn/media/catalog/product/l/a/laptop-dell-vostro-3520-v5i5267w1_2_.png
93,29,https://cdn2.cellphones.com.vn/media/catalog/product/g/r/group_744_1_7_2.png
94,29,https://cellphones.com.vn/media/catalog/product/c/p/cps-25-03_40_.png
95,29,https://cellphones.com.vn/media/catalog/product/g/r/group_744_1_7_2.png
96,30,https://cdn2.cellphones.com.vn/media/catalog/product/t/e/text_d_i_7_10_2.png
97,30,https://cellphones.com.vn/media/catalog/product/c/p/cps-25-03_41_.png
98,30,https://cellphones.com.vn/media/catalog/product/t/e/text_d_i_7_10_2.png
99,31,https://cdn2.cellphones.com.vn/media/catalog/product/l/a/laptop-lenovo-thinkbook-x-g2-iah-21tu0002cd_2_.png
100,31,https://cellphones.com.vn/media/catalog/product/l/a/laptop-lenovo-thinkbook-x-g2-iah-21tu0002cd_1.png
101,31,https://cellphones.com.vn/media/catalog/product/l/a/laptop-lenovo-thinkbook-x-g2-iah-21tu0002cd_2_.png
102,32,https://cdn2.cellphones.com.vn/media/catalog/product/l/a/laptop-lenovo-thinkpad-p16v-gen-1-21fc001yus_2_.png
103,32,https://cellphones.com.vn/media/catalog/product/l/a/laptop-lenovo-thinkpad-p16v-gen-1-21fc001yus_1.png
104,32,https://cellphones.com.vn/media/catalog/product/l/a/laptop-lenovo-thinkpad-p16v-gen-1-21fc001yus_2_.png
105,33,https://cdn2.cellphones.com.vn/media/catalog/product/l/a/laptop-lenovo-thinkpad-z16-gen-1-21d4000cus_2_.png
106,33,https://cellphones.com.vn/media/catalog/product/l/a/laptop-lenovo-thinkpad-z16-gen-1-21d4000cus_1.png
107,33,https://cellphones.com.vn/media/catalog/product/l/a/laptop-lenovo-thinkpad-z16-gen-1-21d4000cus_2_.png
108,34,https://cdn2.cellphones.com.vn/media/catalog/product/g/r/group_744_3__4_2.png
109,34,https://cellphones.com.vn/media/catalog/product/c/p/cps-25-03_28_.png
110,34,https://cellphones.com.vn/media/catalog/product/g/r/group_744_3__4_2.png
111,35,https://cdn2.cellphones.com.vn/media/catalog/product/l/a/laptop-msi-gaming-gf63-thin-10sc-813vn_2__4.png
112,35,https://cellphones.com.vn/media/catalog/product/l/a/laptop-msi-gaming-gf63-thin-10sc-813vn_3.png
113,35,https://cellphones.com.vn/media/catalog/product/l/a/laptop-msi-gaming-gf63-thin-10sc-813vn_2__4.png
114,36,https://cdn2.cellphones.com.vn/media/catalog/product/g/r/group_509_15__2.png
115,36,https://cellphones.com.vn/media/catalog/product/c/p/cps-25-03_35_.png
116,36,https://cellphones.com.vn/media/catalog/product/g/r/group_509_15__2.png
117,37,https://cdn2.cellphones.com.vn/media/catalog/product/t/e/text_d_i_7_105_2.png
118,37,https://cellphones.com.vn/media/catalog/product/c/p/cps-25-03_44_.png
119,37,https://cellphones.com.vn/media/catalog/product/t/e/text_d_i_7_105_2.png
120,38,https://cdn2.cellphones.com.vn/media/catalog/product/l/o/loa-bluetooth-goojodoq-ab4092_6_.png
121,38,https://cellphones.com.vn/media/catalog/product/l/o/loa-bluetooth-goojodoq-ab4092-do.png
122,38,https://cellphones.com.vn/media/catalog/product/l/o/loa-bluetooth-goojodoq-ab4092_1__1.png
123,38,https://cellphones.com.vn/media/catalog/product/l/o/loa-bluetooth-goojodoq-ab4092_1.png
124,38,https://cellphones.com.vn/media/catalog/product/l/o/loa-bluetooth-goojodoq-ab4092_6_.png
125,39,https://cdn2.cellphones.com.vn/media/catalog/product/l/o/loa-bluetooth-goojodoq-ab4094_2_.png
126,39,https://cellphones.com.vn/media/catalog/product/l/o/loa-bluetooth-goojodoq-ab4094_3__1.png
127,39,https://cellphones.com.vn/media/catalog/product/l/o/loa-bluetooth-goojodoq-ab4094_1.png
128,39,https://cellphones.com.vn/media/catalog/product/l/o/loa-bluetooth-goojodoq-ab4094_1__1.png
129,39,https://cellphones.com.vn/media/catalog/product/l/o/loa-bluetooth-goojodoq-ab4094_2__1.png
130,39,https://cellphones.com.vn/media/catalog/product/l/o/loa-bluetooth-goojodoq-ab4094_2_.png
131,40,https://cdn2.cellphones.com.vn/media/catalog/product/l/o/loa-bluetooth-goojodoq-ab4095.png
132,40,https://cellphones.com.vn/media/catalog/product
133,40,https://cellphones.com.vn/media/catalog/product/l/o/loa-bluetooth-goojodoq-ab4095.png
134,41,https://cdn2.cellphones.com.vn/media/catalog/product/l/o/loa-edifier-m60_2.png
135,41,https://cellphones.com.vn/media/catalog/product
136,41,https://cellphones.com.vn/media/catalog/product/l/o/loa-edifier-m60_2.png
137,42,https://cdn2.cellphones.com.vn/media/catalog/product/g/r/group_179_6_41_3.png
138,42,https://cellphones.com.vn/media/catalog/product/g/r/group_179_6_41_3.png
139,43,https://cdn2.cellphones.com.vn/media/catalog/product/g/r/group_179_6_53_2.png
140,43,https://cellphones.com.vn/media/catalog/product/g/r/group_179_6_53_2.png
141,44,https://cdn2.cellphones.com.vn/media/catalog/product/h/u/huawei-matepad-pro-12-2-inch_3_3.jpg
142,44,https://cellphones.com.vn/media/catalog/product/m/a/may-tinh-bang-huawei-matepad-pro-12-2-inch-2025-cu-tray-xuoc.jpg
143,44,https://cellphones.com.vn/media/catalog/product/h/u/huawei-matepad-pro-12-2-inch_3_3.jpg
144,45,https://cdn2.cellphones.com.vn/media/catalog/product/o/p/op-lung-iphone-11-pro-max-likgus-bvc-clear_1_.png
145,45,https://cellphones.com.vn/media/catalog/product/o/p/op-lung-iphone-11-pro-max-likgus-bvc-clear_2__1.png
146,45,https://cellphones.com.vn/media/catalog/product/o/p/op-lung-iphone-11-pro-max-likgus-bvc-clear_1_.png
147,46,https://cdn2.cellphones.com.vn/media/catalog/product/o/p/op-lung-iphone-12-pro-max-likgus-with-magsafe-clear_1_.png
148,46,https://cellphones.com.vn/media/catalog/product/o/p/op-lung-iphone-12-pro-max-likgus-with-magsafe-clear_2__1.png
149,46,https://cellphones.com.vn/media/catalog/product/o/p/op-lung-iphone-12-pro-max-likgus-with-magsafe-clear_1_.png
150,47,https://cdn2.cellphones.com.vn/media/catalog/product/o/p/op-lung-iphone-14-pro-esr-air-armor-clear.png
151,47,https://cellphones.com.vn/media/catalog/product/o/p/op-lung-iphone-14-pro-esr-air-armor-clear_2__1.png
152,47,https://cellphones.com.vn/media/catalog/product/o/p/op-lung-iphone-14-pro-esr-air-armor-clear.png
153,48,https://cdn2.cellphones.com.vn/media/catalog/product/o/p/op-lung-iphone-14-pro-itskins-ballistic-r-nylon_1_.png
154,48,https://cellphones.com.vn/media/catalog/product/o/p/op-lung-iphone-14-pro-itskins-ballistic-r-nylon_3__1.png
155,48,https://cellphones.com.vn/media/catalog/product/o/p/op-lung-iphone-14-pro-itskins-ballistic-r-nylon_2__1.png
156,48,https://cellphones.com.vn/media/catalog/product/o/p/op-lung-iphone-14-pro-itskins-ballistic-r-nylon_1_.png
157,49,https://cdn2.cellphones.com.vn/media/catalog/product/o/p/op-lung-iphone-14-pro-tgvis-space-cool-sky_1_.png
158,49,https://cellphones.com.vn/media/catalog/product/o/p/op-lung-iphone-14-pro-tgvis-space-cool-sky_2__1.png
159,49,https://cellphones.com.vn/media/catalog/product/o/p/op-lung-iphone-14-pro-tgvis-space-cool-sky_1_.png
160,50,https://cdn2.cellphones.com.vn/media/catalog/product/o/p/op-lung-iphone-14-pro-tgvis-space-space-man_1_.png
161,50,https://cellphones.com.vn/media/catalog/product/o/p/op-lung-iphone-14-pro-tgvis-space-space-man_2__1.png
162,50,https://cellphones.com.vn/media/catalog/product/o/p/op-lung-iphone-14-pro-tgvis-space-space-man_3__1.png
163,50,https://cellphones.com.vn/media/catalog/product/o/p/op-lung-iphone-14-pro-tgvis-space-space-man_1_.png
164,51,https://cdn2.cellphones.com.vn/media/catalog/product/o/p/op-lung-iphone-15-likgus-with-magsafe-clear_1_.png
165,51,https://cellphones.com.vn/media/catalog/product/o/p/op-lung-iphone-15-likgus-with-magsafe-clear_2__1.png
166,51,https://cellphones.com.vn/media/catalog/product/o/p/op-lung-iphone-15-likgus-with-magsafe-clear_1_.png
167,52,https://cdn2.cellphones.com.vn/media/catalog/product/o/p/op-lung-iphone-15-pro-araree-nukin-clear_1_.png
168,52,https://cellphones.com.vn/media/catalog/product/o/p/op-lung-iphone-15-pro-araree-nukin-clear_2__1.png
169,52,https://cellphones.com.vn/media/catalog/product/o/p/op-lung-iphone-15-pro-araree-nukin-clear_1_.png
170,53,https://cdn2.cellphones.com.vn/media/catalog/product/o/p/op-lung-iphone-15-pro-jcpal-dualpro-with-magsafe-clear_1_.png
171,53,https://cellphones.com.vn/media/catalog/product/o/p/op-lung-iphone-15-pro-jcpal-dualpro-with-magsafe-clear_2__1.png
172,53,https://cellphones.com.vn/media/catalog/product/o/p/op-lung-iphone-15-pro-jcpal-dualpro-with-magsafe-clear_1_.png
173,54,https://cdn2.cellphones.com.vn/media/catalog/product/o/p/op-lung-iphone-15-pro-jinya-t-stand-with-magsafe-clear_1_.png
174,54,https://cellphones.com.vn/media/catalog/product/o/p/op-lung-iphone-15-pro-jinya-t-stand-with-magsafe-clear_2__1.png
175,54,https://cellphones.com.vn/media/catalog/product/o/p/op-lung-iphone-15-pro-jinya-t-stand-with-magsafe-clear_1_.png
176,55,https://cdn2.cellphones.com.vn/media/catalog/product/o/p/op-lung-iphone-15-pro-max-araree-duple-clear_1_.png
177,55,https://cellphones.com.vn/media/catalog/product/o/p/op-lung-iphone-15-pro-max-araree-duple-clear_2__1.png
178,55,https://cellphones.com.vn/media/catalog/product/o/p/op-lung-iphone-15-pro-max-araree-duple-clear_1_.png
179,56,https://cdn2.cellphones.com.vn/media/catalog/product/o/p/op-lung-iphone-15-pro-max-likgus-with-magsafe_1_.png
180,56,https://cellphones.com.vn/media/catalog/product/o/p/op-lung-iphone-15-pro-max-likgus-with-magsafe_2__1.png
181,56,https://cellphones.com.vn/media/catalog/product/o/p/op-lung-iphone-15-pro-max-likgus-with-magsafe_3__1.png
182,56,https://cellphones.com.vn/media/catalog/product/o/p/op-lung-iphone-15-pro-max-likgus-with-magsafe_1_.png
183,57,https://cdn2.cellphones.com.vn/media/catalog/product/o/p/op-lung-iphone-15-pro-max-tgvis-art-2222222.png
184,57,https://cellphones.com.vn/media/catalog/product/o/p/op-lung-iphone-15-pro-max-tgvis-art_3__1.png
185,57,https://cellphones.com.vn/media/catalog/product/o/p/op-lung-iphone-15-pro-max-tgvis-art-2222222.png
186,58,https://cdn2.cellphones.com.vn/media/catalog/product/o/p/op-lung-iphone-15-pro-tgvis-art-1111111.png
187,58,https://cellphones.com.vn/media/catalog/product/o/p/op-lung-iphone-15-pro-tgvis-art_3__2.png
188,58,https://cellphones.com.vn/media/catalog/product/o/p/op-lung-iphone-15-pro-tgvis-art-1111111.png
189,59,https://cdn2.cellphones.com.vn/media/catalog/product/t/e/text_ng_n_-_2026-03-26t165856.558.png
190,59,https://cellphones.com.vn/media/catalog/product/t/h/th_m_ti_u_5__1.png
191,59,https://cellphones.com.vn/media/catalog/product/t/h/th_m_ti_u_6__1.png
192,59,https://cellphones.com.vn/media/catalog/product/t/e/text_ng_n_-_2026-03-26t165856.558.png
193,60,https://cdn2.cellphones.com.vn/media/catalog/product/p/c/pc-rosa-office-amd-r3-3200g_1_.png
194,60,https://cellphones.com.vn/media/catalog/product/p/c/pc-rosa-office-amd-r3-3200g_2__1.png
195,60,https://cellphones.com.vn/media/catalog/product/p/c/pc-rosa-office-amd-r3-3200g_1_.png
196,61,https://cdn2.cellphones.com.vn/media/catalog/product/p/c/pc-rosa-office-amd-r5-5500gt_1_.png
197,61,https://cellphones.com.vn/media/catalog/product/p/c/pc-rosa-office-amd-r5-5500gt_2__1.png
198,61,https://cellphones.com.vn/media/catalog/product/p/c/pc-rosa-office-amd-r5-5500gt_1_.png
199,62,https://cdn2.cellphones.com.vn/media/catalog/product/s/a/sansung_lte_1__2.png
200,62,https://cellphones.com.vn/media/catalog/product/c/p/cps-25-03_56_.png
201,62,https://cellphones.com.vn/media/catalog/product/s/a/sansung_lte_1__2.png
202,63,https://cdn2.cellphones.com.vn/media/catalog/product/a/w/aw-series11-gps_1_3.png
203,63,https://cellphones.com.vn/media/catalog/product/c/p/cps-24-03_16_.png
204,63,https://cellphones.com.vn/media/catalog/product/a/w/aw-series11-gps_1_3.png
205,64,https://cdn2.cellphones.com.vn/media/catalog/product/g/a/gaming_3_4_37.png
206,64,https://cellphones.com.vn/media/catalog/product/m/_/m_y_c_o_r_u_22_51__3.png
207,64,https://cellphones.com.vn/media/catalog/product/g/a/gaming_3_4_37.png
208,65,https://cdn2.cellphones.com.vn/media/catalog/product/g/a/gaming_3_4_36.png
209,65,https://cellphones.com.vn/media/catalog/product/m/_/m_y_c_o_r_u_22_46__2.png
210,65,https://cellphones.com.vn/media/catalog/product/g/a/gaming_3_4_36.png
211,66,https://cdn2.cellphones.com.vn/media/catalog/product/g/a/gaming_3_4_38.png
212,66,https://cellphones.com.vn/media/catalog/product/m/_/m_y_c_o_r_u_22_56__3.png
213,66,https://cellphones.com.vn/media/catalog/product/g/a/gaming_3_4_38.png
214,67,https://cdn2.cellphones.com.vn/media/catalog/product/g/a/gaming_3_4_43.png
215,67,https://cellphones.com.vn/media/catalog/product/m/_/m_y_c_o_r_u_22_76__1.png
216,67,https://cellphones.com.vn/media/catalog/product/g/a/gaming_3_4_43.png
217,68,https://cdn2.cellphones.com.vn/media/catalog/product/g/a/gaming_3_4_41.png
218,68,https://cellphones.com.vn/media/catalog/product/m/_/m_y_c_o_r_u_22_71__1.png
219,68,https://cellphones.com.vn/media/catalog/product/g/a/gaming_3_4_41.png
220,69,https://cdn2.cellphones.com.vn/media/catalog/product/g/a/gaming_3_4_39.png
221,69,https://cellphones.com.vn/media/catalog/product/m/_/m_y_c_o_r_u_22_61__1.png
222,69,https://cellphones.com.vn/media/catalog/product/g/a/gaming_3_4_39.png
223,70,https://cdn2.cellphones.com.vn/media/catalog/product/c/h/chuot-khong-day-aula-am205.png
224,70,https://cellphones.com.vn/media/catalog/product/c/h/chuot-khong-day-aula-am205_1__1.png
225,70,https://cellphones.com.vn/media/catalog/product/c/h/chuot-khong-day-aula-am205.png
226,71,https://cdn2.cellphones.com.vn/media/catalog/product/o/p/oppo-a6t_1_1_1_2.jpg
227,71,https://cellphones.com.vn/media/catalog/product/d/i/dien-thoai-oppo-a6t-6gb-256gb-cu-dep.jpg
228,71,https://cellphones.com.vn/media/catalog/product/o/p/oppo-a6t_1_1_1_2.jpg
229,72,https://cdn2.cellphones.com.vn/media/catalog/product/s/a/samsung-a57_1_1.jpg
230,72,https://cellphones.com.vn/media/catalog/product/d/i/dien-thoai-samsung-galaxy-a57-cu-da-kich-hoat-2.jpg
231,72,https://cellphones.com.vn/media/catalog/product/s/a/samsung-a57_1_1.jpg
232,73,https://cdn2.cellphones.com.vn/media/catalog/product/d/i/dien-thoai-xiaomi-redmi-15c-41_1_3_1.jpg
233,73,https://cellphones.com.vn/media/catalog/product/d/i/dien-thoai-xiaomi-redmi-15c-8gb-256gb-cu-da-kich-hoat.jpg
234,73,https://cellphones.com.vn/media/catalog/product/d/i/dien-thoai-xiaomi-redmi-15c-41_1_3_1.jpg
235,74,https://cdn2.cellphones.com.vn/media/catalog/product/g/a/garminnnn_1_2_2.png
236,74,https://cellphones.com.vn/media/catalog/product/c/p/cps-24-03_17_.png
237,74,https://cellphones.com.vn/media/catalog/product/g/a/garminnnn_1_2_2.png
238,75,https://cdn2.cellphones.com.vn/media/catalog/product/g/a/garmin_4__1_6_3.png
239,75,https://cellphones.com.vn/media/catalog/product/c/p/cps-24-03_18_.png
240,75,https://cellphones.com.vn/media/catalog/product/g/a/garmin_4__1_6_3.png
241,76,https://cdn2.cellphones.com.vn/media/catalog/product/i/p/ipad-pro-m5_1_1_2_2.jpg
242,76,https://cellphones.com.vn/media/catalog/product/i/p/ipad-pro-m5-11-inch-5g-512gb-cu-doi-bao-hanh.jpg
243,76,https://cellphones.com.vn/media/catalog/product/i/p/ipad-pro-m5_1_1_2_2.jpg
244,77,https://cdn2.cellphones.com.vn/media/catalog/product/t/e/text_d_i_7_118_1.png
245,77,https://cellphones.com.vn/media/catalog/product/c/p/cps-25-03_23_.png
246,77,https://cellphones.com.vn/media/catalog/product/t/e/text_d_i_7_118_1.png
247,78,https://cdn2.cellphones.com.vn/media/catalog/product/t/e/text_d_i_6_12_1_2.png
248,78,https://cellphones.com.vn/media/catalog/product/c/p/cps-24-03_25_.png
249,78,https://cellphones.com.vn/media/catalog/product/t/e/text_d_i_6_12_1_2.png
250,79,https://cdn2.cellphones.com.vn/media/catalog/product/t/e/text_d_i_4__2_5_3.png
251,79,https://cellphones.com.vn/media/catalog/product/c/p/cps-25-03_2_.png
252,79,https://cellphones.com.vn/media/catalog/product/t/e/text_d_i_4__2_5_3.png
253,80,https://cdn2.cellphones.com.vn/media/catalog/product/t/e/text_d_i_1__4_23_4.png
254,80,https://cellphones.com.vn/media/catalog/product/c/p/cps-24-03_20_.png
255,80,https://cellphones.com.vn/media/catalog/product/t/e/text_d_i_1__4_23_4.png
256,81,https://cdn2.cellphones.com.vn/media/catalog/product/t/e/text_d_i_2__2_23_2.png
257,81,https://cellphones.com.vn/media/catalog/product/c/p/cps-25-03_21_.png
258,81,https://cellphones.com.vn/media/catalog/product/t/e/text_d_i_2__2_23_2.png
259,82,https://cdn2.cellphones.com.vn/media/catalog/product/t/e/text_d_i_7_34_4_1.png
260,82,https://cellphones.com.vn/media/catalog/product/c/p/cps-25-03_3_.png
261,82,https://cellphones.com.vn/media/catalog/product/t/e/text_d_i_7_34_4_1.png
262,83,https://cdn2.cellphones.com.vn/media/catalog/product/t/e/text_d_i_7_13_2_1.png
263,83,https://cellphones.com.vn/media/catalog/product/c/p/cps-25-03_8_.png
264,83,https://cellphones.com.vn/media/catalog/product/t/e/text_d_i_7_13_2_1.png
265,84,https://cdn2.cellphones.com.vn/media/catalog/product/g/r/group_808_2.png
266,84,https://cellphones.com.vn/media/catalog/product/c/p/cps-24-03_21_.png
267,84,https://cellphones.com.vn/media/catalog/product/g/r/group_808_2.png
268,85,https://cdn2.cellphones.com.vn/media/catalog/product/g/r/group_744_1_11_2.png
269,85,https://cellphones.com.vn/media/catalog/product/c/p/cps-25-03_7_.png
270,85,https://cellphones.com.vn/media/catalog/product/g/r/group_744_1_11_2.png
271,86,https://cdn2.cellphones.com.vn/media/catalog/product/g/r/group_744_1_31_1.png
272,86,https://cellphones.com.vn/media/catalog/product/c/p/cps-25-03_22_.png
273,86,https://cellphones.com.vn/media/catalog/product/g/r/group_744_1_31_1.png
274,87,https://cdn2.cellphones.com.vn/media/catalog/product/g/r/group_659_48_2.png
275,87,https://cellphones.com.vn/media/catalog/product/c/p/cps-24-03_22_.png
276,87,https://cellphones.com.vn/media/catalog/product/g/r/group_659_48_2.png
277,88,https://cdn2.cellphones.com.vn/media/catalog/product/g/r/group_744_1_29_3.png
278,88,https://cellphones.com.vn/media/catalog/product/c/p/cps-24-03_23_.png
279,88,https://cellphones.com.vn/media/catalog/product/g/r/group_744_1_29_3.png
280,89,https://cdn2.cellphones.com.vn/media/catalog/product/l/a/laptop-acer-swift-go-14-ai-sfg14-73-71zx_32__2_1_1.png
281,89,https://cellphones.com.vn/media/catalog/product/c/p/cps-24-03_24_.png
282,89,https://cellphones.com.vn/media/catalog/product/l/a/laptop-acer-swift-go-14-ai-sfg14-73-71zx_32__2_1_1.png
283,90,https://cdn2.cellphones.com.vn/media/catalog/product/l/a/laptop-msi-sword-16-hx-b14vfkg-045vn_27__1.png
284,90,https://cellphones.com.vn/media/catalog/product/c/p/cps-25-03_1_.png
285,90,https://cellphones.com.vn/media/catalog/product/l/a/laptop-msi-sword-16-hx-b14vfkg-045vn_27__1.png
286,91,https://cdn2.cellphones.com.vn/media/catalog/product/t/e/text_d_i_7_48_2.png
287,91,https://cellphones.com.vn/media/catalog/product/c/p/cps-25-03_10_.png
288,91,https://cellphones.com.vn/media/catalog/product/t/e/text_d_i_7_48_2.png
289,92,https://cdn2.cellphones.com.vn/media/catalog/product/g/a/gaming_003_1__4_1.png
290,92,https://cellphones.com.vn/media/catalog/product/c/p/cps-24-03_26_.png
291,92,https://cellphones.com.vn/media/catalog/product/g/a/gaming_003_1__4_1.png
292,93,https://cdn2.cellphones.com.vn/media/catalog/product/t/e/text_d_i_7_78_3.png
293,93,https://cellphones.com.vn/media/catalog/product/c/p/cps-24-03_27_.png
294,93,https://cellphones.com.vn/media/catalog/product/t/e/text_d_i_7_78_3.png
295,94,https://cdn2.cellphones.com.vn/media/catalog/product/g/r/group_659_2__7_3.png
296,94,https://cellphones.com.vn/media/catalog/product/c/p/cps-24-03_28_.png
297,94,https://cellphones.com.vn/media/catalog/product/g/r/group_659_2__7_3.png
298,95,https://cdn2.cellphones.com.vn/media/catalog/product/g/r/group_659_27_3.png
299,95,https://cellphones.com.vn/media/catalog/product/c/p/cps-24-03_29_.png
300,95,https://cellphones.com.vn/media/catalog/product/g/r/group_659_27_3.png
301,96,https://cdn2.cellphones.com.vn/media/catalog/product/g/r/group_659_49_2.png
302,96,https://cellphones.com.vn/media/catalog/product/c/p/cps-25-03_15_.png
303,96,https://cellphones.com.vn/media/catalog/product/g/r/group_659_49_2.png
304,97,https://cdn2.cellphones.com.vn/media/catalog/product/g/r/group_744_1__10_3.png
305,97,https://cellphones.com.vn/media/catalog/product/c/p/cps-25-03_6_.png
306,97,https://cellphones.com.vn/media/catalog/product/g/r/group_744_1__10_3.png
307,98,https://cdn2.cellphones.com.vn/media/catalog/product/t/e/text_d_i_7_125_2.png
308,98,https://cellphones.com.vn/media/catalog/product/c/p/cps-24-03_30_.png
309,98,https://cellphones.com.vn/media/catalog/product/t/e/text_d_i_7_125_2.png
310,99,https://cdn2.cellphones.com.vn/media/catalog/product/g/r/group_659_47_3.png
311,99,https://cellphones.com.vn/media/catalog/product/c/p/cps-25-03_18_.png
312,99,https://cellphones.com.vn/media/catalog/product/g/r/group_659_47_3.png
313,100,https://cdn2.cellphones.com.vn/media/catalog/product/t/e/text_d_i_8_22_2.png
314,100,https://cellphones.com.vn/media/catalog/product/c/p/cps-24-03_31_.png
315,100,https://cellphones.com.vn/media/catalog/product/t/e/text_d_i_8_22_2.png
316,101,https://cdn2.cellphones.com.vn/media/catalog/product/t/e/text_d_i_1__4_9_2.png
317,101,https://cellphones.com.vn/media/catalog/product/c/p/cps-25-03_20_.png
318,101,https://cellphones.com.vn/media/catalog/product/t/e/text_d_i_1__4_9_2.png
319,102,https://cdn2.cellphones.com.vn/media/catalog/product/g/r/group_744_1_61_1.png
320,102,https://cellphones.com.vn/media/catalog/product/c/p/cps-25-03_5_.png
321,102,https://cellphones.com.vn/media/catalog/product/g/r/group_744_1_61_1.png
322,103,https://cdn2.cellphones.com.vn/media/catalog/product/g/r/group_744_1_49_2.png
323,103,https://cellphones.com.vn/media/catalog/product/c/p/cps-24-03_32_.png
324,103,https://cellphones.com.vn/media/catalog/product/g/r/group_744_1_49_2.png
325,104,https://cdn2.cellphones.com.vn/media/catalog/product/t/e/text_d_i_7_95_2.png
326,104,https://cellphones.com.vn/media/catalog/product/c/p/cps-25-03_24_.png
327,104,https://cellphones.com.vn/media/catalog/product/t/e/text_d_i_7_95_2.png
328,105,https://cdn2.cellphones.com.vn/media/catalog/product/t/e/text_d_i_4__2_13_3_1_2.png
329,105,https://cellphones.com.vn/media/catalog/product/c/p/cps-25-03.png
330,105,https://cellphones.com.vn/media/catalog/product/t/e/text_d_i_4__2_13_3_1_2.png
331,106,https://cdn2.cellphones.com.vn/media/catalog/product/4/5/45622_1_1.png
332,106,https://cellphones.com.vn/media/catalog/product/c/p/cps-25-03_4_.png
333,106,https://cellphones.com.vn/media/catalog/product/4/5/45622_1_1.png
334,107,https://cdn2.cellphones.com.vn/media/catalog/product/t/e/text_d_i_1__3_14_2.png
335,107,https://cellphones.com.vn/media/catalog/product/c/p/cps-25-03_11_.png
336,107,https://cellphones.com.vn/media/catalog/product/t/e/text_d_i_1__3_14_2.png
337,108,https://cdn2.cellphones.com.vn/media/catalog/product/t/e/text_d_i_6_55_2.png
338,108,https://cellphones.com.vn/media/catalog/product/c/p/cps-25-03_16_.png
339,108,https://cellphones.com.vn/media/catalog/product/t/e/text_d_i_6_55_2.png
340,109,https://cdn2.cellphones.com.vn/media/catalog/product/l/o/loa-bluetooth-goojodoq-ab4085_5_.png
341,109,https://cellphones.com.vn/media/catalog/product/l/o/loa-bluetooth-goojodoq-ab4085_1__1.png
342,109,https://cellphones.com.vn/media/catalog/product/l/o/loa-bluetooth-goojodoq-ab4085_4__1.png
343,109,https://cellphones.com.vn/media/catalog/product/l/o/loa-bluetooth-goojodoq-ab4085_2__1.png
344,109,https://cellphones.com.vn/media/catalog/product/l/o/loa-bluetooth-goojodoq-ab4085_3__1.png
345,109,https://cellphones.com.vn/media/catalog/product/l/o/loa-bluetooth-goojodoq-ab4085_5_.png
346,110,https://cdn2.cellphones.com.vn/media/catalog/product/l/o/loa-bluetooth-goojodoq-ab4088_3_.png
347,110,https://cellphones.com.vn/media/catalog/product
348,110,https://cellphones.com.vn/media/catalog/product/l/o/loa-bluetooth-goojodoq-ab4088_3_.png
349,111,https://cdn2.cellphones.com.vn/media/catalog/product/m/a/macbook_1__7_12.png
350,111,https://cellphones.com.vn/media/catalog/product/t/e/text_ng_n_1__9_177.png
351,111,https://cellphones.com.vn/media/catalog/product/m/a/macbook_1__7_12.png
352,112,https://cdn2.cellphones.com.vn/media/catalog/product/m/a/man-hinh-gaming-acer-nitro-kg240y-m5-24-inch_2.png
353,112,https://cellphones.com.vn/media/catalog/product/m/a/man-hinh-gaming-acer-nitro-kg240y-m5-24-inch_2.png
354,113,https://cdn2.cellphones.com.vn/media/catalog/product/g/r/group_635_26_1.png
355,113,https://cellphones.com.vn/media/catalog/product/g/r/group_635_26_1.png
356,114,https://cdn2.cellphones.com.vn/media/catalog/product/g/r/group_183_1_15_2.png
357,114,https://cellphones.com.vn/media/catalog/product/g/r/group_183_1_15_2.png
358,115,https://cdn2.cellphones.com.vn/media/catalog/product/g/r/group_182_3_6_1.png
359,115,https://cellphones.com.vn/media/catalog/product/g/r/group_182_3_6_1.png
360,116,https://cdn2.cellphones.com.vn/media/catalog/product/m/_/m_y_nh_13_70_1.png
361,116,https://cellphones.com.vn/media/catalog/product/m/_/m_y_nh_13_70_1.png
362,117,https://cdn2.cellphones.com.vn/media/catalog/product/m/_/m_y_nh_13_70.png
363,117,https://cellphones.com.vn/media/catalog/product/m/_/m_y_nh_13_70.png
364,118,https://cdn2.cellphones.com.vn/media/catalog/product/m/_/m_y_nh_13_70_1_1_1_1.png
365,118,https://cellphones.com.vn/media/catalog/product/m/_/m_y_nh_13_70_1_1_1_1.png
366,119,https://cdn2.cellphones.com.vn/media/catalog/product/m/_/m_y_nh_13_70_1_1.png
367,119,https://cellphones.com.vn/media/catalog/product/m/_/m_y_nh_13_70_1_1.png
368,120,https://cdn2.cellphones.com.vn/media/catalog/product/m/a/may-lanh-panasonic-2-5-hp-cu-cs-n24akh-8.png
369,120,https://cellphones.com.vn/media/catalog/product/m/a/may-lanh-panasonic-2-5-hp-cu-cs-n24akh-8.png
370,121,https://cdn2.cellphones.com.vn/media/catalog/product/m/a/may-lanh-panasonic-2-hp-cu-cs-n18akh-8.png
371,121,https://cellphones.com.vn/media/catalog/product/m/a/may-lanh-panasonic-2-hp-cu-cs-n18akh-8.png
372,122,https://cdn2.cellphones.com.vn/media/catalog/product/m/a/may-lanh-panasonic-inverter-1-5-hp-cu-cs-yz12akh-8.png
373,122,https://cellphones.com.vn/media/catalog/product/m/a/may-lanh-panasonic-inverter-1-5-hp-cu-cs-yz12akh-8.png
374,123,https://cdn2.cellphones.com.vn/media/catalog/product/m/a/may-lanh-panasonic-inverter-2-5-hp-cu-cs-u24bkh-8.png
375,123,https://cellphones.com.vn/media/catalog/product/m/a/may-lanh-panasonic-inverter-2-5-hp-cu-cs-u24bkh-8.png
376,124,https://cdn2.cellphones.com.vn/media/catalog/product/m/a/may-lanh-panasonic-inverter-2-5-hp-cu-cs-yz24bkh-8_2_.png
377,124,https://cellphones.com.vn/media/catalog/product/m/a/may-lanh-panasonic-inverter-2-5-hp-cu-cs-yz24bkh-8_2_.png
378,125,https://cdn2.cellphones.com.vn/media/catalog/product/m/a/may-lanh-panasonic-inverter-2-hp-cu-cs-u18bkh-8.png
379,125,https://cellphones.com.vn/media/catalog/product/m/a/may-lanh-panasonic-inverter-2-hp-cu-cs-u18bkh-8.png
380,126,https://cdn2.cellphones.com.vn/media/catalog/product/m/a/may-lanh-panasonic-inverter-2-hp-cu-cs-yz18akh-8.png
381,126,https://cellphones.com.vn/media/catalog/product/m/a/may-lanh-panasonic-inverter-2-hp-cu-cs-yz18akh-8.png
382,127,https://cdn2.cellphones.com.vn/media/catalog/product/l/e/lenovo-yoga-tab-tb710_6.jpg
383,127,https://cellphones.com.vn/media/catalog/product/m/a/may-tinh-bang-lenovo-yoga-tab-tb710-cu-da-kich-hoat.jpg
384,127,https://cellphones.com.vn/media/catalog/product/l/e/lenovo-yoga-tab-tb710_6.jpg
385,128,https://cdn2.cellphones.com.vn/media/catalog/product/m/a/may-tinh-bang-xiaomi-pad-8-pro-8gb-128gb_2_1.jpg
386,128,https://cellphones.com.vn/media/catalog/product/m/a/may-tinh-bang-xiaomi-pad-8-8gb-128gb-cu-da-kich-hoat.jpg
387,128,https://cellphones.com.vn/media/catalog/product/m/a/may-tinh-bang-xiaomi-pad-8-pro-8gb-128gb_2_1.jpg
388,129,https://cdn2.cellphones.com.vn/media/catalog/product/m/a/may-triet-long-halio-silkglow-ipl-sapphire-cooling-hair-removal-device_1__1.png
389,129,https://cellphones.com.vn/media/catalog/product/c/p/cps-24-03_15_.png
390,129,https://cellphones.com.vn/media/catalog/product/m/a/may-triet-long-halio-silkglow-ipl-sapphire-cooling-hair-removal-device_1__1.png
391,130,https://cdn2.cellphones.com.vn/media/catalog/product/m/i/microphone-saramonic-air-se-2tx-1rx_2_.png
392,130,https://cellphones.com.vn/media/catalog/product/m/i/microphone-saramonic-air-se-2tx-1rx_1__1.png
393,130,https://cellphones.com.vn/media/catalog/product/m/i/microphone-saramonic-air-se-2tx-1rx_2_.png
394,131,https://cdn2.cellphones.com.vn/media/catalog/product/m/_/m_y_nh_13_71_1.png
395,131,https://cellphones.com.vn/media/catalog/product/m/_/m_y_nh_13_71_1.png
396,132,https://cdn2.cellphones.com.vn/media/catalog/product/m/_/m_y_nh_13_71_1_1_1.png
397,132,https://cellphones.com.vn/media/catalog/product/m/_/m_y_nh_13_71_1_1_1.png
398,133,https://cdn2.cellphones.com.vn/media/catalog/product/m/_/m_y_nh_13_71_1_1.png
399,133,https://cellphones.com.vn/media/catalog/product/m/_/m_y_nh_13_71_1_1.png
400,134,https://cdn2.cellphones.com.vn/media/catalog/product/m/_/m_y_nh_13_71.png
401,134,https://cellphones.com.vn/media/catalog/product/m/_/m_y_nh_13_71.png
402,135,https://cdn2.cellphones.com.vn/media/catalog/product/t/u/tu-chong-am-may-anh-nikatei-nc-20c.jpg
403,135,https://cellphones.com.vn/media/catalog/product/t/u/tu-chong-am-may-anh-nikatei-nc-20c-1_1.jpg
404,135,https://cellphones.com.vn/media/catalog/product/t/u/tu-chong-am-may-anh-nikatei-nc-20c.jpg
405,136,https://cdn2.cellphones.com.vn/media/catalog/product/t/u/tu-chong-am-may-anh-nikatei-nc-30c.jpg
406,136,https://cellphones.com.vn/media/catalog/product/t/u/tu-chong-am-may-anh-nikatei-nc-30c-1_1.jpg
407,136,https://cellphones.com.vn/media/catalog/product/t/u/tu-chong-am-may-anh-nikatei-nc-30c.jpg
408,137,https://cdn2.cellphones.com.vn/media/catalog/product/f/r/frame_389_1.png
409,137,https://cellphones.com.vn/media/catalog/product/c/p/cps-25-03_19_.png
410,137,https://cellphones.com.vn/media/catalog/product/f/r/frame_389_1.png
411,138,https://cdn2.cellphones.com.vn/media/catalog/product/g/a/gaming_8_-_2025-05-29t110634.570_2.png
412,138,https://cellphones.com.vn/media/catalog/product/b/a/ban-phim-bao-da-ipad-air-13-m2-2024-zagg-pro-key-2-cu.jpg
413,138,https://cellphones.com.vn/media/catalog/product/g/a/gaming_8_-_2025-05-29t110634.570_2.png
414,139,https://cdn2.cellphones.com.vn/media/catalog/product/t/e/text_ng_n_-_2025-04-18t140722.081_2.png
415,139,https://cellphones.com.vn/media/catalog/product/b/a/bao-da-ban-phim-ipad-pro-11-esr-rebound-magnetic-360-cu.jpg
416,139,https://cellphones.com.vn/media/catalog/product/t/e/text_ng_n_-_2025-04-18t140722.081_2.png
417,140,https://cdn2.cellphones.com.vn/media/catalog/product/c/a/camera-ip-wifi-360-hong-ngoai-8mp-4k-tp-link-tapo-c250.jpg
418,140,https://cellphones.com.vn/media/catalog/product/c/a/camera-ip-wifi-360-hong-ngoai-8mp-4k-tp-link-tapo-c250-1_1.jpg
419,140,https://cellphones.com.vn/media/catalog/product/c/a/camera-ip-wifi-360-hong-ngoai-8mp-4k-tp-link-tapo-c250.jpg
420,141,https://cdn2.cellphones.com.vn/media/catalog/product/c/a/camera-ip-wifi-xiaomi-2mp-1080p-c201.jpg
421,141,https://cellphones.com.vn/media/catalog/product/c/a/camera-ip-wifi-xiaomi-2mp-1080p-c201-1_1.jpg
422,141,https://cellphones.com.vn/media/catalog/product/c/a/camera-ip-wifi-xiaomi-2mp-1080p-c201.jpg
423,142,https://cdn2.cellphones.com.vn/media/catalog/product/c/a/cap-anker-usb-a-to-c-work-with-carplay-a82g2_1_.png
424,142,https://cellphones.com.vn/media/catalog/product/c/a/cap-anker-usb-a-to-c-work-with-carplay-a82g2_2__1.png
425,142,https://cellphones.com.vn/media/catalog/product/c/a/cap-anker-usb-a-to-c-work-with-carplay-a82g2_1_.png
426,143,https://cdn2.cellphones.com.vn/media/catalog/product/c/a/cap-baseus-3-in-1-usb-c-to-m-l-c-100w-1-5m_1_.png
427,143,https://cellphones.com.vn/media/catalog/product/c/a/cap-baseus-3-in-1-usb-c-to-m-l-c-100w-1-5m_4__1.png
428,143,https://cellphones.com.vn/media/catalog/product/c/a/cap-baseus-3-in-1-usb-c-to-m-l-c-100w-1-5m_1_.png
429,144,https://cdn2.cellphones.com.vn/media/catalog/product/c/h/chan-de-dung-haiyuan-2-1m_1__2.png
430,144,https://cellphones.com.vn/media/catalog/product/c/h/chan-de-dung-haiyuan-2-1m-cu.jpg
431,144,https://cellphones.com.vn/media/catalog/product/c/h/chan-de-dung-haiyuan-2-1m_1__2.png
432,145,https://cdn2.cellphones.com.vn/media/catalog/product/c/o/cong-otg-innostyle-nexalink-usb-a-to-wifi-awf6_1_.png
433,145,https://cellphones.com.vn/media/catalog/product/c/o/cong-otg-innostyle-nexalink-usb-a-to-wifi-awf6_2__1.png
434,145,https://cellphones.com.vn/media/catalog/product/c/o/cong-otg-innostyle-nexalink-usb-a-to-wifi-awf6_1_.png
435,146,https://cdn2.cellphones.com.vn/media/catalog/product/c/o/cong-otg-innostyle-nexalink-usb-c-usb-a-to-sd-tf-card-reader-st3_1_.png
436,146,https://cellphones.com.vn/media/catalog/product/i/m/image_1774409194988.jpg
437,146,https://cellphones.com.vn/media/catalog/product/c/o/cong-otg-innostyle-nexalink-usb-c-usb-a-to-sd-tf-card-reader-st3_1_.png
438,147,https://cdn2.cellphones.com.vn/media/catalog/product/d/i/dien-thoai-meizu-mblu-22_2.png
439,147,https://cellphones.com.vn/media/catalog/product/d/i/dien-thoai-meizu-mblu-22-cu-dep_1.jpg
440,147,https://cellphones.com.vn/media/catalog/product/d/i/dien-thoai-meizu-mblu-22-cu-dep.jpg
441,147,https://cellphones.com.vn/media/catalog/product/d/i/dien-thoai-meizu-mblu-22_2.png
442,148,https://cdn2.cellphones.com.vn/media/catalog/product/s/a/samsung-galaxy-a07-5g-2_3_3.jpg
443,148,https://cellphones.com.vn/media/catalog/product/d/i/dien-thoai-samsung-galaxy-a07-5g-cu-tray-xuoc.jpg
444,148,https://cellphones.com.vn/media/catalog/product/s/a/samsung-galaxy-a07-5g-2_3_3.jpg
445,149,https://cdn2.cellphones.com.vn/media/catalog/product/s/a/samsung-galaxy-s25-fe-1_4_1.jpg
446,149,https://cellphones.com.vn/media/catalog/product/d/i/dien-thoai-samsung-galaxy-s25-fe-5g-8gb-256gb-cu-dep-2.jpg
447,149,https://cellphones.com.vn/media/catalog/product/d/i/dien-thoai-samsung-galaxy-s25-fe-5g-8gb-256gb-cu-dep.jpg
448,149,https://cellphones.com.vn/media/catalog/product/s/a/samsung-galaxy-s25-fe-1_4_1.jpg
449,150,https://cdn2.cellphones.com.vn/media/catalog/product/d/i/dien-thoai-xiaomi-redmi-note-14-pro-5g-12gb-512gb_1_1.png
450,150,https://cellphones.com.vn/media/catalog/product/d/i/dien-thoai-xiaomi-redmi-note-14-pro-5g-12gb-512gb-cu-xuoc-can-vang.jpg
451,150,https://cellphones.com.vn/media/catalog/product/d/i/dien-thoai-xiaomi-redmi-note-14-pro-5g-12gb-512gb-cu-xuoc-can.jpg
452,150,https://cellphones.com.vn/media/catalog/product/d/i/dien-thoai-xiaomi-redmi-note-14-pro-5g-12gb-512gb_1_1.png
453,151,https://cdn2.cellphones.com.vn/media/catalog/product/r/e/redmi-note-15-series-1_3_4.jpg
454,151,https://cellphones.com.vn/media/catalog/product/d/i/dien-thoai-xiaomi-redmi-note-15-8gb-128gb-cu-dep.jpg
455,151,https://cellphones.com.vn/media/catalog/product/r/e/redmi-note-15-series-1_3_4.jpg
456,152,https://cdn2.cellphones.com.vn/media/catalog/product/d/i/dien-thoai-xiaomi-redmi-note-15-pro-5g-vang_2.jpg
457,152,https://cellphones.com.vn/media/catalog/product/d/i/dien-thoai-xiaomi-redmi-note-15-pro-5g-cu-da-kich-hoat.jpg
458,152,https://cellphones.com.vn/media/catalog/product/d/i/dien-thoai-xiaomi-redmi-note-15-pro-5g-vang_2.jpg
459,153,https://cdn2.cellphones.com.vn/media/catalog/product/t/e/text_ng_n_-_2026-03-23t094455.017.png
460,153,https://cellphones.com.vn/media/catalog/product/t/e/text_ng_n_-_2026-03-23t094455.017.png
461,154,https://cdn2.cellphones.com.vn/media/catalog/product/t/e/text_ng_n_-_2026-03-23t094813.277.png
462,154,https://cellphones.com.vn/media/catalog/product/t/e/text_ng_n_-_2026-03-23t094813.277.png
463,155,https://cdn2.cellphones.com.vn/media/catalog/product/m/_/m_y_nh_13_43_1.png
464,155,https://cellphones.com.vn/media/catalog/product/i/m/image_1774322893605.png
465,155,https://cellphones.com.vn/media/catalog/product/m/_/m_y_nh_13_43_1.png
466,156,https://cdn2.cellphones.com.vn/media/catalog/product/m/_/m_y_nh_13_43_1_1_1.png
467,156,https://cellphones.com.vn/media/catalog/product/i/m/image_1774322893605_2.png
468,156,https://cellphones.com.vn/media/catalog/product/m/_/m_y_nh_13_43_1_1_1.png
469,157,https://cdn2.cellphones.com.vn/media/catalog/product/m/_/m_y_nh_13_43_1_1_1_1.png
470,157,https://cellphones.com.vn/media/catalog/product/i/m/image_1774322893605_3.png
471,157,https://cellphones.com.vn/media/catalog/product/m/_/m_y_nh_13_43_1_1_1_1.png
472,158,https://cdn2.cellphones.com.vn/media/catalog/product/m/_/m_y_nh_13_43_1_1.png
473,158,https://cellphones.com.vn/media/catalog/product/i/m/image_1774322893605_1.png
474,158,https://cellphones.com.vn/media/catalog/product/m/_/m_y_nh_13_43_1_1.png
475,159,https://cdn2.cellphones.com.vn/media/catalog/product/m/_/m_y_nh_13_45_1.png
476,159,https://cellphones.com.vn/media/catalog/product/i/m/image_1774323509580.png
477,159,https://cellphones.com.vn/media/catalog/product/m/_/m_y_nh_13_45_1.png
478,160,https://cdn2.cellphones.com.vn/media/catalog/product/m/_/m_y_nh_13_45_1_1_1_1.png
479,160,https://cellphones.com.vn/media/catalog/product/i/m/image_1774323509580_3.png
480,160,https://cellphones.com.vn/media/catalog/product/m/_/m_y_nh_13_45_1_1_1_1.png
481,161,https://cdn2.cellphones.com.vn/media/catalog/product/m/_/m_y_nh_13_45_1_1.png
482,161,https://cellphones.com.vn/media/catalog/product/i/m/image_1774323509580_1.png
483,161,https://cellphones.com.vn/media/catalog/product/m/_/m_y_nh_13_45_1_1.png
484,162,https://cdn2.cellphones.com.vn/media/catalog/product/m/_/m_y_l_nh_13__3.png
485,162,https://cellphones.com.vn/media/catalog/product/m/_/m_y_l_nh_13__3.png
486,163,https://cdn2.cellphones.com.vn/media/catalog/product/m/_/m_y_l_nh_14__2.png
487,163,https://cellphones.com.vn/media/catalog/product/m/_/m_y_l_nh_14__2.png
488,164,https://cdn2.cellphones.com.vn/media/catalog/product/m/a/may-lanh-panasonic-1-5-hp-cu-cs-n12akh-8.png
489,164,https://cellphones.com.vn/media/catalog/product/m/a/may-lanh-panasonic-1-5-hp-cu-cs-n12akh-8_1__1.png
490,164,https://cellphones.com.vn/media/catalog/product/m/a/may-lanh-panasonic-1-5-hp-cu-cs-n12akh-8.png
491,165,https://cdn2.cellphones.com.vn/media/catalog/product/m/a/may-lanh-panasonic-1-5-hp-cu-cs-n12zkh-8_8_.png
492,165,https://cellphones.com.vn/media/catalog/product/m/a/may-lanh-panasonic-1-5-hp-cu-cs-n12zkh-8_1__1.png
493,165,https://cellphones.com.vn/media/catalog/product/m/a/may-lanh-panasonic-1-5-hp-cu-cs-n12zkh-8_8_.png
494,166,https://cdn2.cellphones.com.vn/media/catalog/product/m/a/may-lanh-panasonic-1-5-hp-cu-cs-n12zkh-8_9_.png
495,166,https://cellphones.com.vn/media/catalog/product/m/a/may-lanh-panasonic-1-hp-cu-cs-n9akh-8_1__1.png
496,166,https://cellphones.com.vn/media/catalog/product/m/a/may-lanh-panasonic-1-5-hp-cu-cs-n12zkh-8_9_.png
497,167,https://cdn2.cellphones.com.vn/media/catalog/product/m/a/may-lanh-panasonic-inverter-1-5-hp-cu-cs-ru12ckh-8d.png
498,167,https://cellphones.com.vn/media/catalog/product/m/a/may-lanh-panasonic-inverter-1-5-hp-cu-cs-ru12ckh-8d_1__1.png
499,167,https://cellphones.com.vn/media/catalog/product/m/a/may-lanh-panasonic-inverter-1-5-hp-cu-cs-ru12ckh-8d.png
500,168,https://cdn2.cellphones.com.vn/media/catalog/product/m/_/m_y_l_nh_23_.png
501,168,https://cellphones.com.vn/media/catalog/product/m/_/m_y_l_nh_23_.png
502,169,https://cdn2.cellphones.com.vn/media/catalog/product/m/_/m_y_l_nh_17__3.png
503,169,https://cellphones.com.vn/media/catalog/product/m/_/m_y_l_nh_17__3.png
504,170,https://cdn2.cellphones.com.vn/media/catalog/product/m/_/m_y_l_nh_15__2.png
505,170,https://cellphones.com.vn/media/catalog/product/m/_/m_y_l_nh_15__2.png
506,171,https://cdn2.cellphones.com.vn/media/catalog/product/m/a/may-lanh-panasonic-inverter-1-hp-cu-cs-ru9ckh-8d.png
507,171,https://cellphones.com.vn/media/catalog/product/m/a/may-lanh-panasonic-inverter-1-hp-cu-cs-ru9ckh-8d_1__1.png
508,171,https://cellphones.com.vn/media/catalog/product/m/a/may-lanh-panasonic-inverter-1-hp-cu-cs-ru9ckh-8d.png
509,172,https://cdn2.cellphones.com.vn/media/catalog/product/m/_/m_y_l_nh_22__2.png
510,172,https://cellphones.com.vn/media/catalog/product/m/_/m_y_l_nh_22__2.png
511,173,https://cdn2.cellphones.com.vn/media/catalog/product/m/a/may-lanh-panasonic-inverter-1-hp-cu-cs-u9zkh-8_13_.png
512,173,https://cellphones.com.vn/media/catalog/product/m/a/may-lanh-panasonic-inverter-1-hp-cu-cs-u9zkh-8_1__1.png
513,173,https://cellphones.com.vn/media/catalog/product/m/a/may-lanh-panasonic-inverter-1-hp-cu-cs-u9zkh-8_13_.png
514,174,https://cdn2.cellphones.com.vn/media/catalog/product/m/_/m_y_l_nh_16__2.png
515,174,https://cellphones.com.vn/media/catalog/product/m/_/m_y_l_nh_16__2.png
516,175,https://cdn2.cellphones.com.vn/media/catalog/product/m/a/may-lanh-panasonic-inverter-1-hp-cu-cs-yz9akh-8.png
517,175,https://cellphones.com.vn/media/catalog/product/m/a/may-lanh-panasonic-inverter-1-hp-cu-cs-yz9akh-8_1__1.png
518,175,https://cellphones.com.vn/media/catalog/product/m/a/may-lanh-panasonic-inverter-1-hp-cu-cs-yz9akh-8.png
519,176,https://cdn2.cellphones.com.vn/media/catalog/product/m/_/m_y_l_nh_22_.png
520,176,https://cellphones.com.vn/media/catalog/product/m/_/m_y_l_nh_22_.png
521,177,https://cdn2.cellphones.com.vn/media/catalog/product/m/_/m_y_l_nh_21_.png
522,177,https://cellphones.com.vn/media/catalog/product/m/_/m_y_l_nh_21_.png
523,178,https://cdn2.cellphones.com.vn/media/catalog/product/m/a/may-tinh-bang-lenovo-idea-tab-pro-kem-but-ban-phim_3__4.png
524,178,https://cellphones.com.vn/media/catalog/product/m/a/may-tinh-bang-lenovo-idea-tab-pro-cu-xuoc-can.jpg
525,178,https://cellphones.com.vn/media/catalog/product/m/a/may-tinh-bang-lenovo-idea-tab-pro-kem-but-ban-phim_3__4.png
526,179,https://cdn2.cellphones.com.vn/media/catalog/product/m/_/m_y_nh_13_46_3.png
527,179,https://cellphones.com.vn/media/catalog/product/m/_/m_y_nh_13_46_3.png
528,180,https://cdn2.cellphones.com.vn/media/catalog/product/m/_/m_y_nh_13_46_2.png
529,180,https://cellphones.com.vn/media/catalog/product/m/_/m_y_nh_13_46_2.png
530,181,https://cdn2.cellphones.com.vn/media/catalog/product/m/_/m_y_nh_13_46_2_1.png
531,181,https://cellphones.com.vn/media/catalog/product/m/_/m_y_nh_13_46_2_1.png
532,182,https://cdn2.cellphones.com.vn/media/catalog/product/m/_/m_y_nh_13_46_3_1.png
533,182,https://cellphones.com.vn/media/catalog/product/m/_/m_y_nh_13_46_3_1.png
534,183,https://cdn2.cellphones.com.vn/media/catalog/product/t/e/text_ng_n_-_2026-03-23t102346.516.png
535,183,https://cellphones.com.vn/media/catalog/product/o/p/op-lung-iphone-16-pro-cam-den_89__1.png
536,183,https://cellphones.com.vn/media/catalog/product/o/p/op-lung-iphone-16-pro-cam-den_92__5.png
537,183,https://cellphones.com.vn/media/catalog/product/t/e/text_ng_n_-_2026-03-23t102346.516.png
538,184,https://cdn2.cellphones.com.vn/media/catalog/product/t/e/text_ng_n_-_2026-03-23t092608.004.png
539,184,https://cellphones.com.vn/media/catalog/product/o/p/op-lung-iphone-16-pro-cam-den_58__2.png
540,184,https://cellphones.com.vn/media/catalog/product/t/e/text_ng_n_-_2026-03-23t092608.004.png
541,185,https://cdn2.cellphones.com.vn/media/catalog/product/t/e/text_ng_n_-_2026-03-23t093515.028.png
542,185,https://cellphones.com.vn/media/catalog/product/o/p/op-lung-iphone-16-pro-cam-den_66__2.png
543,185,https://cellphones.com.vn/media/catalog/product/t/e/text_ng_n_-_2026-03-23t093515.028.png
544,186,https://cdn2.cellphones.com.vn/media/catalog/product/r/e/realme-15t-5g-8gb-256gb-cu-tray-xuoc_2.jpg
545,186,https://cellphones.com.vn/media/catalog/product/r/e/realme-15t-5g-8gb-256gb-cu-dep.jpg
546,186,https://cellphones.com.vn/media/catalog/product/r/e/realme-15t-5g-8gb-256gb-cu-tray-xuoc_2.jpg
547,187,https://cdn2.cellphones.com.vn/media/catalog/product/t/e/text_ng_n_-_2025-09-12t115409.921_2.png
548,187,https://cellphones.com.vn/media/catalog/product/b/a/bao-da-ban-phim-ai-samsung-galaxy-tab-s11-ultra-chinh-hang-cu.jpg
549,187,https://cellphones.com.vn/media/catalog/product/t/e/text_ng_n_-_2025-09-12t115409.921_2.png
550,188,https://cdn2.cellphones.com.vn/media/catalog/product/g/a/garmin_67__1_3_2.png
551,188,https://cellphones.com.vn/media/catalog/product/b/a/bao-da-ban-phim-samsung-galaxy-tab-s10-plus-s9-plus-s9-fe-plus-cu.jpg
552,188,https://cellphones.com.vn/media/catalog/product/g/a/garmin_67__1_3_2.png
553,189,https://cdn2.cellphones.com.vn/media/catalog/product/d/i/dien-thoai-honor-x7d-12_3_2.jpg
554,189,https://cellphones.com.vn/media/catalog/product/d/i/dien-thoai-honor-x7d-8gb-128gb-cu-da-kich-hoat.jpg
555,189,https://cellphones.com.vn/media/catalog/product/d/i/dien-thoai-honor-x7d-12_3_2.jpg
556,190,https://cdn2.cellphones.com.vn/media/catalog/product/d/i/dien-thoai-masstel-izi-s8-1_1.jpg
557,190,https://cellphones.com.vn/media/catalog/product/d/i/dien-thoai-masstel-izi-s8-cu-dep.jpg
558,190,https://cellphones.com.vn/media/catalog/product/d/i/dien-thoai-masstel-izi-s8-1_1.jpg
559,191,https://cdn2.cellphones.com.vn/media/catalog/product/d/i/dien-thoai-meizu-mblu-22_1.png
560,191,https://cellphones.com.vn/media/catalog/product/d/i/dien-thoai-meizu-mblu-22-cu-da-kich-hoat_1.jpg
561,191,https://cellphones.com.vn/media/catalog/product/d/i/dien-thoai-meizu-mblu-22-cu-da-kich-hoat.jpg
562,191,https://cellphones.com.vn/media/catalog/product/d/i/dien-thoai-meizu-mblu-22_1.png
563,192,https://cdn2.cellphones.com.vn/media/catalog/product/d/i/dien-thoai-nubia-z70s-ultra-5g_8__1_2_2.png
564,192,https://cellphones.com.vn/media/catalog/product/d/i/dien-thoai-nubia-z70s-ultra-5g-cu-xuoc-can.jpg
565,192,https://cellphones.com.vn/media/catalog/product/d/i/dien-thoai-nubia-z70s-ultra-5g_8__1_2_2.png
566,193,https://cdn2.cellphones.com.vn/media/catalog/product/o/p/oppo-a5i-4gb-128gb-do-tim_2_5.jpg
567,193,https://cellphones.com.vn/media/catalog/product/d/i/dien-thoai-oppo-a5i-cu-xuoc-can.jpg
568,193,https://cellphones.com.vn/media/catalog/product/o/p/oppo-a5i-4gb-128gb-do-tim_2_5.jpg
569,194,https://cdn2.cellphones.com.vn/media/catalog/product/d/i/dien-thoai-oppo-a6x-6gb-256gb-cu-da-kich-hoat.jpg
570,194,https://cellphones.com.vn/media/catalog/product/d/i/dien-thoai-oppo-a6x-6gb-256gb-cu-da-kich-hoat_1.jpg
571,194,https://cellphones.com.vn/media/catalog/product/d/i/dien-thoai-oppo-a6x-6gb-256gb-cu-da-kich-hoat.jpg
572,195,https://cdn2.cellphones.com.vn/media/catalog/product/o/p/oppo-reno14-w_4.jpg
573,195,https://cellphones.com.vn/media/catalog/product/d/i/dien-thoai-oppo-reno14-cu-tray-xuoc.jpg
574,195,https://cellphones.com.vn/media/catalog/product/o/p/oppo-reno14-w_4.jpg
575,196,https://cdn2.cellphones.com.vn/media/catalog/product/i/m/image_1262703569_1.jpg
576,196,https://cellphones.com.vn/media/catalog/product/d/i/dien-thoai-xiaomi-15-12gb-512gb-cu-xuoc-can.jpg
577,196,https://cellphones.com.vn/media/catalog/product/d/i/dien-thoai-xiaomi-15-12gb-512gb-cu-xuoc-can-2.jpg
578,196,https://cellphones.com.vn/media/catalog/product/i/m/image_1262703569_1.jpg
579,197,https://cdn2.cellphones.com.vn/media/catalog/product/a/m/amazfit_2_21.png
580,197,https://cellphones.com.vn/media/catalog/product/d/h/dh_4__1_20.png
581,197,https://cellphones.com.vn/media/catalog/product/d/h/dh_31.png
582,197,https://cellphones.com.vn/media/catalog/product/d/h/dh_1__25.png
583,197,https://cellphones.com.vn/media/catalog/product/a/m/amazfit_2_21.png
584,198,https://cdn2.cellphones.com.vn/media/catalog/product/a/p/apple_lte_3_58.png
585,198,https://cellphones.com.vn/media/catalog/product/d/h/dh_29.png
586,198,https://cellphones.com.vn/media/catalog/product/d/h/dh_10__10.png
587,198,https://cellphones.com.vn/media/catalog/product/d/h/dh_5__19.png
588,198,https://cellphones.com.vn/media/catalog/product/a/p/apple_lte_3_58.png
589,199,https://cdn2.cellphones.com.vn/media/catalog/product/i/p/iphone_17e_pink_1_1.png
590,199,https://cellphones.com.vn/media/catalog/product/i/p/iphone-17e-256gb-cu-ch-da-kich-hoat_2.jpg
591,199,https://cellphones.com.vn/media/catalog/product/i/p/iphone-17e-256gb-cu-ch-da-kich-hoat.jpg
592,199,https://cellphones.com.vn/media/catalog/product/i/p/iphone_17e_pink_1_1.png
593,200,https://cdn2.cellphones.com.vn/media/catalog/product/k/i/kinh-thong-minh-rokid-ai-glasses-style-rv203_6_.png
594,200,https://cellphones.com.vn/media/catalog/product/k/i/kinh-thong-minh-rokid-ai-glasses-style-rv203_4__1.png
595,200,https://cellphones.com.vn/media/catalog/product/k/i/kinh-thong-minh-rokid-ai-glasses-style-rv203_6_.png
596,201,https://cdn2.cellphones.com.vn/media/catalog/product/t/e/text_d_i_8_58.png
597,201,https://cellphones.com.vn/media/catalog/product/s/s/ssss_1__1_86.png
598,201,https://cellphones.com.vn/media/catalog/product/t/e/text_d_i_8_58.png
599,202,https://cdn2.cellphones.com.vn/media/catalog/product/t/e/text_d_i_8_57.png
600,202,https://cellphones.com.vn/media/catalog/product/s/s/ssss_4__1_66.png
601,202,https://cellphones.com.vn/media/catalog/product/t/e/text_d_i_8_57.png
602,203,https://cdn2.cellphones.com.vn/media/catalog/product/g/r/group_909_1.png
603,203,https://cellphones.com.vn/media/catalog/product/g/r/group_909_1.png
604,204,https://cdn2.cellphones.com.vn/media/catalog/product/g/r/group_950.png
605,204,https://cellphones.com.vn/media/catalog/product/g/r/group_950.png
606,205,https://cdn2.cellphones.com.vn/media/catalog/product/g/r/group_925_1.png
607,205,https://cellphones.com.vn/media/catalog/product/g/r/group_925_1.png
608,206,https://cdn2.cellphones.com.vn/media/catalog/product/g/r/group_950_1.png
609,206,https://cellphones.com.vn/media/catalog/product/g/r/group_950_1.png
610,207,https://cdn2.cellphones.com.vn/media/catalog/product/m/a/may-tinh-bang-oppo-pad-se_1.jpg
611,207,https://cellphones.com.vn/media/catalog/product/m/a/may-tinh-bang-oppo-pad-se-cu-tray-xuoc.jpg
612,207,https://cellphones.com.vn/media/catalog/product/m/a/may-tinh-bang-oppo-pad-se_1.jpg
613,208,https://cdn2.cellphones.com.vn/media/catalog/product/m/a/may-tinh-bang-samsung-galaxy-tab-s11_6_1_1.jpg
614,208,https://cellphones.com.vn/media/catalog/product/m/a/may-tinh-bang-samsung-galaxy-tab-s11-5g-12gb-256gb-cu-dep.jpg
615,208,https://cellphones.com.vn/media/catalog/product/m/a/may-tinh-bang-samsung-galaxy-tab-s11_6_1_1.jpg
616,209,https://cdn2.cellphones.com.vn/media/catalog/product/x/i/xiaomi-pad-7_4__1_3.png
617,209,https://cellphones.com.vn/media/catalog/product/m/a/may-tinh-bang-xiaomi-pad-7-pro-cu-xuoc-can.jpg
618,209,https://cellphones.com.vn/media/catalog/product/x/i/xiaomi-pad-7_4__1_3.png
619,210,https://cdn2.cellphones.com.vn/media/catalog/product/t/e/text_ng_n_-_2026-03-21t150407.575.png
620,210,https://cellphones.com.vn/media/catalog/product/o/p/op-lung-iphone-16-pro-cam-den_6.png
621,210,https://cellphones.com.vn/media/catalog/product/o/p/op-lung-iphone-16-pro-cam-den_6__4.png
622,210,https://cellphones.com.vn/media/catalog/product/t/e/text_ng_n_-_2026-03-21t150407.575.png
623,211,https://cdn2.cellphones.com.vn/media/catalog/product/t/e/text_ng_n_-_2026-03-21t150737.261.png
624,211,https://cellphones.com.vn/media/catalog/product/o/p/op-lung-iphone-16-pro-cam-den_7.png
625,211,https://cellphones.com.vn/media/catalog/product/o/p/op-lung-iphone-16-pro-cam-den_6__5.png
626,211,https://cellphones.com.vn/media/catalog/product/t/e/text_ng_n_-_2026-03-21t150737.261.png
627,212,https://cdn2.cellphones.com.vn/media/catalog/product/t/e/text_ng_n_-_2026-03-20t163036.366.png
628,212,https://cellphones.com.vn/media/catalog/product/o/p/op-lung-iphone-16-pro-cam-den_51__3.png
629,212,https://cellphones.com.vn/media/catalog/product/t/e/text_ng_n_-_2026-03-20t163036.366.png
630,213,https://cdn2.cellphones.com.vn/media/catalog/product/t/e/text_ng_n_-_2026-03-20t142524.099.png
631,213,https://cellphones.com.vn/media/catalog/product/o/p/op-lung-iphone-16-pro-cam-den_31__2.png
632,213,https://cellphones.com.vn/media/catalog/product/t/e/text_ng_n_-_2026-03-20t142524.099.png
633,214,https://cdn2.cellphones.com.vn/media/catalog/product/t/e/text_ng_n_-_2026-03-20t160942.296.png
634,214,https://cellphones.com.vn/media/catalog/product/o/p/op-lung-iphone-16-pro-cam-den_46__4.png
635,214,https://cellphones.com.vn/media/catalog/product/t/e/text_ng_n_-_2026-03-20t160942.296.png
636,215,https://cdn2.cellphones.com.vn/media/catalog/product/t/e/text_ng_n_-_2026-03-20t143043.855.png
637,215,https://cellphones.com.vn/media/catalog/product/o/p/op-lung-iphone-16-pro-cam-den_37__2.png
638,215,https://cellphones.com.vn/media/catalog/product/t/e/text_ng_n_-_2026-03-20t143043.855.png
639,216,https://cdn2.cellphones.com.vn/media/catalog/product/t/e/text_ng_n_-_2026-03-20t162125.345.png
640,216,https://cellphones.com.vn/media/catalog/product/o/p/op-lung-iphone-16-pro-cam-den_48__1_1.png
641,216,https://cellphones.com.vn/media/catalog/product/t/e/text_ng_n_-_2026-03-20t162125.345.png
642,217,https://cdn2.cellphones.com.vn/media/catalog/product/t/e/text_ng_n_-_2026-03-20t141611.853.png
643,217,https://cellphones.com.vn/media/catalog/product/o/p/op-lung-iphone-16-pro-cam-den_19__3.png
644,217,https://cellphones.com.vn/media/catalog/product/t/e/text_ng_n_-_2026-03-20t141611.853.png
645,218,https://cdn2.cellphones.com.vn/media/catalog/product/t/e/text_ng_n_-_2026-03-20t141340.995.png
646,218,https://cellphones.com.vn/media/catalog/product/o/p/op-lung-iphone-16-pro-cam-den_10__3.png
647,218,https://cellphones.com.vn/media/catalog/product/o/p/op-lung-iphone-16-pro-cam-den_18__3.png
648,218,https://cellphones.com.vn/media/catalog/product/t/e/text_ng_n_-_2026-03-20t141340.995.png
649,219,https://cdn2.cellphones.com.vn/media/catalog/product/t/e/text_ng_n_-_2026-03-20t142128.582.png
650,219,https://cellphones.com.vn/media/catalog/product/o/p/op-lung-iphone-16-pro-cam-den_25__3.png
651,219,https://cellphones.com.vn/media/catalog/product/t/e/text_ng_n_-_2026-03-20t142128.582.png
652,220,https://cdn2.cellphones.com.vn/media/catalog/product/t/e/text_ng_n_-_2026-03-20t140641.965.png
653,220,https://cellphones.com.vn/media/catalog/product/o/p/op-lung-iphone-16-pro-cam-den_9__3.png
654,220,https://cellphones.com.vn/media/catalog/product/o/p/op-lung-iphone-16-pro-cam-den_7__3.png
655,220,https://cellphones.com.vn/media/catalog/product/o/p/op-lung-iphone-16-pro-cam-den_8__3.png
656,220,https://cellphones.com.vn/media/catalog/product/o/p/op-lung-iphone-16-pro-cam-den_4.png
657,220,https://cellphones.com.vn/media/catalog/product/t/e/text_ng_n_-_2026-03-20t140641.965.png
658,221,https://cdn2.cellphones.com.vn/media/catalog/product/t/h/the-nho-microsd-kodak-128gb-uhs-i-u3-v30-a1-adapter_1_.png
659,221,https://cellphones.com.vn/media/catalog/product/t/h/the-nho-microsd-kodak-128gb-uhs-i-u3-v30-a1-adapter_1_.png
660,222,https://cdn2.cellphones.com.vn/media/catalog/product/t/h/the-nho-microsd-kodak-256gb-uhs-i-u3-v30-a1-adapter_1__1.png
661,222,https://cellphones.com.vn/media/catalog/product/t/h/the-nho-microsd-kodak-256gb-uhs-i-u3-v30-a1-adapter_1__1.png
662,223,https://cdn2.cellphones.com.vn/media/catalog/product/t/h/the-nho-microsd-kodak-32gb-uhs-i-u3-v30-a1-adapter_1_.png
663,223,https://cellphones.com.vn/media/catalog/product/t/h/the-nho-microsd-kodak-32gb-uhs-i-u3-v30-a1-adapter_1_.png
664,224,https://cdn2.cellphones.com.vn/media/catalog/product/t/h/the-nho-microsd-kodak-512gb-uhs-i-u3-v30-a1-adapter_1_.png
665,224,https://cellphones.com.vn/media/catalog/product/t/h/the-nho-microsd-kodak-512gb-uhs-i-u3-v30-a1-adapter_1_.png
666,225,https://cdn2.cellphones.com.vn/media/catalog/product/t/h/the-nho-microsd-kodak-64gb-uhs-i-u3-v30-a1-adapter_1_.png
667,225,https://cellphones.com.vn/media/catalog/product/t/h/the-nho-microsd-kodak-64gb-uhs-i-u3-v30-a1-adapter_1_.png
668,226,https://cdn2.cellphones.com.vn/media/catalog/product/t/h/the-nho-sd-kodak-128gb-uhs-i-u3-v30-a1_1_.png
669,226,https://cellphones.com.vn/media/catalog/product/t/h/the-nho-sd-kodak-128gb-uhs-i-u3-v30-a1_1_.png
670,227,https://cdn2.cellphones.com.vn/media/catalog/product/t/h/the-nho-sd-kodak-256gb-uhs-i-u3-v30-a1_1_.png
671,227,https://cellphones.com.vn/media/catalog/product/t/h/the-nho-sd-kodak-256gb-uhs-i-u3-v30-a1_1_.png
672,228,https://cdn2.cellphones.com.vn/media/catalog/product/t/h/the-nho-sd-kodak-64gb-uhs-i-u3-v30-a1_1_.png
673,228,https://cellphones.com.vn/media/catalog/product/t/h/the-nho-sd-kodak-64gb-uhs-i-u3-v30-a1_1_.png
674,229,https://cdn2.cellphones.com.vn/media/catalog/product/b/a/ban-ui-hoi-nuoc-cam-tay-philips-sth3000-20-1000w_3.png
675,229,https://cellphones.com.vn/media/catalog/product/b/a/ban-ui-hoi-nuoc-cam-tay-philips-sth3000-20-1000w-cu.jpg
676,229,https://cellphones.com.vn/media/catalog/product/b/a/ban-ui-hoi-nuoc-cam-tay-philips-sth3000-20-1000w_3.png
677,230,https://cdn2.cellphones.com.vn/media/catalog/product/c/a/case-may-tinh-xigmatek-xigmatek-cloud-m-dgt-m-atx-arctic_1_.png
678,230,https://cellphones.com.vn/media/catalog/product/c/a/case-may-tinh-xigmatek-xigmatek-cloud-m-dgt-m-atx-arctic_1_.png
679,231,https://cdn2.cellphones.com.vn/media/catalog/product/c/a/case-may-tinh-xigmatek-xigmatek-cloud-m-dgt-m-atx_1_.png
680,231,https://cellphones.com.vn/media/catalog/product/c/a/case-may-tinh-xigmatek-xigmatek-cloud-m-dgt-m-atx_1_.png
681,232,https://cdn2.cellphones.com.vn/media/catalog/product/c/p/cpu-intel-core-i3-12100-tray_1_.png
682,232,https://cellphones.com.vn/media/catalog/product/c/p/cpu-intel-core-i3-12100-tray_1_.png
683,233,https://cdn2.cellphones.com.vn/media/catalog/product/c/p/cpu-intel-core-i5-12400-tray_1_.png
684,233,https://cellphones.com.vn/media/catalog/product/c/p/cpu-intel-core-i5-12400-tray_1_.png
685,234,https://cdn2.cellphones.com.vn/media/catalog/product/c/p/cpu-intel-core-i5-13400f-tray_1_.png
686,234,https://cellphones.com.vn/media/catalog/product/c/p/cpu-intel-core-i5-13400f-tray_1_.png
687,235,https://cdn2.cellphones.com.vn/media/catalog/product/c/p/cpu-intel-core-i5-14400f-tray_1_.png
688,235,https://cellphones.com.vn/media/catalog/product/c/p/cpu-intel-core-i5-14400f-tray_1_.png
689,236,https://cdn2.cellphones.com.vn/media/catalog/product/c/p/cpu-intel-core-i5-14600k-tray_1_.png
690,236,https://cellphones.com.vn/media/catalog/product/c/p/cpu-intel-core-i5-14600k-tray_1_.png
691,237,https://cdn2.cellphones.com.vn/media/catalog/product/c/p/cpu-intel-core-i7-12700-tray_1_.png
692,237,https://cellphones.com.vn/media/catalog/product/c/p/cpu-intel-core-i7-12700-tray_1_.png
693,238,https://cdn2.cellphones.com.vn/media/catalog/product/c/p/cpu-intel-core-i7-14700-tray_1_.png
694,238,https://cellphones.com.vn/media/catalog/product/c/p/cpu-intel-core-i7-14700-tray_1_.png
695,239,https://cdn2.cellphones.com.vn/media/catalog/product/t/e/text_ng_n_-_2024-07-01t171709.025_1_1_1_1.png
696,239,https://cellphones.com.vn/media/catalog/product/t/e/text_ng_n_-_2024-07-01t171709.025_1_1_1_1.png
697,240,https://cdn2.cellphones.com.vn/media/catalog/product/t/e/text_ng_n_-_2024-07-01t171709.025_1_1_1_1_1.png
698,240,https://cellphones.com.vn/media/catalog/product/t/e/text_ng_n_-_2024-07-01t171709.025_1_1_1_1_1.png
699,241,https://cdn2.cellphones.com.vn/media/catalog/product/d/i/dich-vu-apple-care-plus-macbook-pro-m4-pro-pro-max-14-inch_3.png
700,241,https://cellphones.com.vn/media/catalog/product/d/i/dich-vu-apple-care-plus-macbook-pro-m4-pro-pro-max-14-inch_3.png
701,242,https://cdn2.cellphones.com.vn/media/catalog/product/d/i/dich-vu-apple-care-plus-macbook-pro-m4-pro-pro-max-14-inch_3_1.png
702,242,https://cellphones.com.vn/media/catalog/product/d/i/dich-vu-apple-care-plus-macbook-pro-m4-pro-pro-max-14-inch_3_1.png
703,243,https://cdn2.cellphones.com.vn/media/catalog/product/d/i/dich-vu-apple-care-plus-macbook-pro-m4-pro-pro-max-14-inch_3_1_1_1_1.png
704,243,https://cellphones.com.vn/media/catalog/product/d/i/dich-vu-apple-care-plus-macbook-pro-m4-pro-pro-max-14-inch_3_1_1_1_1.png
705,244,https://cdn2.cellphones.com.vn/media/catalog/product/d/i/dich-vu-apple-care-plus-macbook-pro-m4-pro-pro-max-14-inch_3_1_1.png
706,244,https://cellphones.com.vn/media/catalog/product/d/i/dich-vu-apple-care-plus-macbook-pro-m4-pro-pro-max-14-inch_3_1_1.png
707,245,https://cdn2.cellphones.com.vn/media/catalog/product/d/i/dich-vu-apple-care-plus-macbook-pro-m4-pro-pro-max-14-inch_3_1_1_1.png
708,245,https://cellphones.com.vn/media/catalog/product/d/i/dich-vu-apple-care-plus-macbook-pro-m4-pro-pro-max-14-inch_3_1_1_1.png
709,246,https://cdn2.cellphones.com.vn/media/catalog/product/_/i/_i_n_tho_i_honor_400_5g_12gb_256gb_6.jpg
710,246,https://cellphones.com.vn/media/catalog/product/d/i/dien-thoai-honor-400-5g-12gb-256gb-cu-dep.jpg
711,246,https://cellphones.com.vn/media/catalog/product/_/i/_i_n_tho_i_honor_400_5g_12gb_256gb_6.jpg
712,247,https://cdn2.cellphones.com.vn/media/catalog/product/2/0/20241205_2.png
713,247,https://cellphones.com.vn/media/catalog/product/d/i/dien-thoai-infinix-hot-50-8gb-256gb-cu-tray-xuoc.jpg
714,247,https://cellphones.com.vn/media/catalog/product/2/0/20241205_2.png
715,248,https://cdn2.cellphones.com.vn/media/catalog/product/d/i/dien-thoai-vivo-qioo-z9_1__1_2_1_2.png
716,248,https://cellphones.com.vn/media/catalog/product/d/i/dien-thoai-vivo-qioo-z9x-256gb-cu-dep.jpg
717,248,https://cellphones.com.vn/media/catalog/product/d/i/dien-thoai-vivo-qioo-z9_1__1_2_1_2.png
718,249,https://cdn2.cellphones.com.vn/media/catalog/product/r/e/redmi-note-15-series-8_1_1_1.jpg
719,249,https://cellphones.com.vn/media/catalog/product/d/i/dien-thoai-xiaomi-redmi-note-15-pro-cu-xuoc-can.jpg
720,249,https://cellphones.com.vn/media/catalog/product/r/e/redmi-note-15-series-8_1_1_1.jpg
721,250,https://cdn2.cellphones.com.vn/media/catalog/product/g/h/ghe-massage-da-nang-philips-ppm8502.jpg
722,250,https://cellphones.com.vn/media/catalog/product/g/h/ghe-massage-da-nang-philips-ppm8502-1_1.jpg
723,250,https://cellphones.com.vn/media/catalog/product/g/h/ghe-massage-da-nang-philips-ppm8502.jpg
724,251,https://cdn2.cellphones.com.vn/media/catalog/product/t/e/text_ng_n_-_2026-03-19t104222.591.png
725,251,https://cellphones.com.vn/media/catalog/product/o/p/op-lung-iphone-16-pro-cam-den_61__1.png
726,251,https://cellphones.com.vn/media/catalog/product/t/e/text_ng_n_-_2026-03-19t104222.591.png
727,252,https://cdn2.cellphones.com.vn/media/catalog/product/t/e/text_d_i_1__4_56.png
728,252,https://cellphones.com.vn/media/catalog/product/s/s/ssss_2_142.png
729,252,https://cellphones.com.vn/media/catalog/product/t/e/text_d_i_1__4_56.png
730,253,https://cdn2.cellphones.com.vn/media/catalog/product/t/e/text_d_i_8_53.png
731,253,https://cellphones.com.vn/media/catalog/product/s/s/ssss_2_131.png
732,253,https://cellphones.com.vn/media/catalog/product/t/e/text_d_i_8_53.png
733,254,https://cdn2.cellphones.com.vn/media/catalog/product/t/e/text_d_i_8_54.png
734,254,https://cellphones.com.vn/media/catalog/product/s/s/ssss_2_132.png
735,254,https://cellphones.com.vn/media/catalog/product/t/e/text_d_i_8_54.png
736,255,https://cdn2.cellphones.com.vn/media/catalog/product/t/e/text_d_i_1__4_55.png
737,255,https://cellphones.com.vn/media/catalog/product/s/s/ssss_2_139.png
738,255,https://cellphones.com.vn/media/catalog/product/t/e/text_d_i_1__4_55.png
739,256,https://cdn2.cellphones.com.vn/media/catalog/product/t/e/text_d_i_8_55.png
740,256,https://cellphones.com.vn/media/catalog/product/s/s/ssss_2_140.png
741,256,https://cellphones.com.vn/media/catalog/product/t/e/text_d_i_8_55.png
742,257,https://cdn2.cellphones.com.vn/media/catalog/product/m/a/mainboard-msi-a520m-a-pro_1_.png
743,257,https://cellphones.com.vn/media/catalog/product/m/a/mainboard-msi-a520m-a-pro_1_.png
744,258,https://cdn2.cellphones.com.vn/media/catalog/product/g/r/group_949_2_.png
745,258,https://cellphones.com.vn/media/catalog/product/g/r/group_949_2_.png
746,259,https://cdn2.cellphones.com.vn/media/catalog/product/g/r/group_926_6.png
747,259,https://cellphones.com.vn/media/catalog/product/g/r/group_926_6.png
748,260,https://cdn2.cellphones.com.vn/media/catalog/product/g/r/group_838.png
749,260,https://cellphones.com.vn/media/catalog/product/g/r/group_838.png
750,261,https://cdn2.cellphones.com.vn/media/catalog/product/g/r/group_948.png
751,261,https://cellphones.com.vn/media/catalog/product/g/r/group_948.png
752,262,https://cdn2.cellphones.com.vn/media/catalog/product/g/r/group_879_3.png
753,262,https://cellphones.com.vn/media/catalog/product/g/r/group_879_3.png
754,263,https://cdn2.cellphones.com.vn/media/catalog/product/g/a/gaming_002_3_13.png
755,263,https://cellphones.com.vn/media/catalog/product/g/a/gaming_002_3_13.png
756,264,https://cdn2.cellphones.com.vn/media/catalog/product/e/r/eroc-flip-full-hd_4.jpg
757,264,https://cellphones.com.vn/media/catalog/product/m/a/may-chieu-eroc-flip-full-hd-cu.jpg
758,264,https://cellphones.com.vn/media/catalog/product/e/r/eroc-flip-full-hd_4.jpg
759,265,https://cdn2.cellphones.com.vn/media/catalog/product/m/_/m_y_chi_u_hi_u_wanbo_t2_ultra_1.png
760,265,https://cellphones.com.vn/media/catalog/product/m/a/may-chieu-mini-wanbo-t2-ultra-cu.jpg
761,265,https://cellphones.com.vn/media/catalog/product/m/_/m_y_chi_u_hi_u_wanbo_t2_ultra_1.png
762,266,https://cdn2.cellphones.com.vn/media/catalog/product/m/_/m_y_chi_u_hi_u_wanbo_x5_pro_2.png
763,266,https://cellphones.com.vn/media/catalog/product/m/a/may-chieu-mini-wanbo-x5-pro-cu.jpg
764,266,https://cellphones.com.vn/media/catalog/product/m/_/m_y_chi_u_hi_u_wanbo_x5_pro_2.png
765,267,https://cdn2.cellphones.com.vn/media/catalog/product/m/a/may-chieu-wanbo-vali-1_1__1.png
766,267,https://cellphones.com.vn/media/catalog/product/m/a/may-chieu-wanbo-vali-1-cu.jpg
767,267,https://cellphones.com.vn/media/catalog/product/m/a/may-chieu-wanbo-vali-1_1__1.png
768,268,https://cdn2.cellphones.com.vn/media/catalog/product/m/a/may-hut-bui-cam-tay-aqua-aqs-ccx600r-w-vn_1__2.png
769,268,https://cellphones.com.vn/media/catalog/product/m/a/may-hut-bui-cam-tay-aqua-aqs-ccx600r-w-vn-cu.jpg
770,268,https://cellphones.com.vn/media/catalog/product/m/a/may-hut-bui-cam-tay-aqua-aqs-ccx600r-w-vn_1__2.png
771,269,https://cdn2.cellphones.com.vn/media/catalog/product/t/e/text_ng_n_-_2024-08-01t113504.714_1.png
772,269,https://cellphones.com.vn/media/catalog/product/m/a/may-hut-bui-cam-tay-deerma-dx115c-600w-cu.jpg
773,269,https://cellphones.com.vn/media/catalog/product/t/e/text_ng_n_-_2024-08-01t113504.714_1.png
774,270,https://cdn2.cellphones.com.vn/media/catalog/product/m/a/may-hut-bui-cam-tay-dreame-h12-pro-1_3.png
775,270,https://cellphones.com.vn/media/catalog/product/m/a/may-hut-bui-cam-tay-dreame-h12-pro-cu.jpg
776,270,https://cellphones.com.vn/media/catalog/product/m/a/may-hut-bui-cam-tay-dreame-h12-pro-1_3.png
777,271,https://cdn2.cellphones.com.vn/media/catalog/product/m/a/may-hut-bui-cam-tay-dreame-h14-station.1_1.png
778,271,https://cellphones.com.vn/media/catalog/product/m/a/may-hut-bui-cam-tay-dreame-h14-station-cu.jpg
779,271,https://cellphones.com.vn/media/catalog/product/m/a/may-hut-bui-cam-tay-dreame-h14-station.1_1.png
780,272,https://cdn2.cellphones.com.vn/media/catalog/product/m/_/m_y_h_t_b_i_c_m_tay_roidmi_s1_special_1.jpg
781,272,https://cellphones.com.vn/media/catalog/product/m/_/m_y_h_t_b_i_c_m_tay_roidmi_s1_special_1.jpg
782,273,https://cdn2.cellphones.com.vn/media/catalog/product/m/a/may-loc-khong-khi-levoit-core-mini-pro_1_.png
783,273,https://cellphones.com.vn/media/catalog/product/m/a/may-loc-khong-khi-levoit-core-mini-pro_2__1.png
784,273,https://cellphones.com.vn/media/catalog/product/m/a/may-loc-khong-khi-levoit-core-mini-pro_1_.png
785,274,https://cdn2.cellphones.com.vn/media/catalog/product/m/a/may-loc-khong-khi-xiaomi-mi-air-purifier-elite_1_1.png
786,274,https://cellphones.com.vn/media/catalog/product/m/a/may-loc-khong-khi-xiaomi-mi-air-purifier-elite-cu.jpg
787,274,https://cellphones.com.vn/media/catalog/product/m/a/may-loc-khong-khi-xiaomi-mi-air-purifier-elite_1_1.png
788,275,https://cdn2.cellphones.com.vn/media/catalog/product/m/a/may-phun-suong-tao-am-xong-tinh-dau-fujihome-hm04euv_1__2.png
789,275,https://cellphones.com.vn/media/catalog/product/m/a/may-phun-suong-tao-am-xong-tinh-dau-fujihome-hm04euv-cu.jpg
790,275,https://cellphones.com.vn/media/catalog/product/m/a/may-phun-suong-tao-am-xong-tinh-dau-fujihome-hm04euv_1__2.png
791,276,https://cdn2.cellphones.com.vn/media/catalog/product/m/a/may-tinh-bang-samsung-galaxy-tab-s10-lite-wifi_1_3.jpg
792,276,https://cellphones.com.vn/media/catalog/product/m/a/may-tinh-bang-samsung-galaxy-tab-a11-plus-5g-6gb-128gb-cu-dep.jpg
793,276,https://cellphones.com.vn/media/catalog/product/m/a/may-tinh-bang-samsung-galaxy-tab-s10-lite-wifi_1_3.jpg
794,277,https://cdn2.cellphones.com.vn/media/catalog/product/m/a/may-xay-sinh-to-sharp-em-s154pv-wh_1__2.png
795,277,https://cellphones.com.vn/media/catalog/product/m/a/may-xay-sinh-to-sharp-em-s154pv-wh-cu.jpg
796,277,https://cellphones.com.vn/media/catalog/product/m/a/may-xay-sinh-to-sharp-em-s154pv-wh_1__2.png
797,278,https://cdn2.cellphones.com.vn/media/catalog/product/m/a/may-xay-sinh-to-va-lam-kem-da-bao-magic-eco-ac-181_1__1.png
798,278,https://cellphones.com.vn/media/catalog/product
799,278,https://cellphones.com.vn/media/catalog/product/m/a/may-xay-sinh-to-va-lam-kem-da-bao-magic-eco-ac-181_1__1.png
800,279,https://cdn2.cellphones.com.vn/media/catalog/product/o/-/o-cung-di-dong-hdd-adata-hv320-1tb_1_.png
801,279,https://cellphones.com.vn/media/catalog/product/o/-/o-cung-di-dong-hdd-adata-hv320-1tb_2__1.png
802,279,https://cellphones.com.vn/media/catalog/product/o/-/o-cung-di-dong-hdd-adata-hv320-1tb_3__1.png
803,279,https://cellphones.com.vn/media/catalog/product/o/-/o-cung-di-dong-hdd-adata-hv320-1tb_6__1.png
804,279,https://cellphones.com.vn/media/catalog/product/o/-/o-cung-di-dong-hdd-adata-hv320-1tb_1_.png
805,280,https://cdn2.cellphones.com.vn/media/catalog/product/o/-/o-cung-di-dong-hdd-adata-hv320-2tb_1_.png
806,280,https://cellphones.com.vn/media/catalog/product/o/-/o-cung-di-dong-hdd-adata-hv320-2tb_6__1.png
807,280,https://cellphones.com.vn/media/catalog/product/o/-/o-cung-di-dong-hdd-adata-hv320-2tb_2__1.png
808,280,https://cellphones.com.vn/media/catalog/product/o/-/o-cung-di-dong-hdd-adata-hv320-2tb_3__1.png
809,280,https://cellphones.com.vn/media/catalog/product/o/-/o-cung-di-dong-hdd-adata-hv320-2tb_1_.png
810,281,https://cdn2.cellphones.com.vn/media/catalog/product/o/-/o-cung-ssd-patriot-1tb-p400-lite-m-2-nvme-pcie-gen4-x4_1_.png
811,281,https://cellphones.com.vn/media/catalog/product/o/-/o-cung-ssd-patriot-1tb-p400-lite-m-2-nvme-pcie-gen4-x4_1_.png
812,282,https://cdn2.cellphones.com.vn/media/catalog/product/m/_/m_y_nh_13_69.png
813,282,https://cellphones.com.vn/media/catalog/product/m/_/m_y_nh_13_69.png
814,283,https://cdn2.cellphones.com.vn/media/catalog/product/t/e/text_ng_n_-_2025-06-09t151006.94.png
815,283,https://cellphones.com.vn/media/catalog/product/t/e/text_ng_n_-_2025-06-09t151020.22_1.png
816,283,https://cellphones.com.vn/media/catalog/product/t/e/text_ng_n_-_2025-06-09t151006.94.png
817,284,https://cellphones.com.vn/media/catalog/product/t/e/text_ng_n_5__5_9_2.png
818,285,https://cdn2.cellphones.com.vn/media/catalog/product/t/e/text_ng_n_-_2026-03-26t161822.082.png
819,285,https://cellphones.com.vn/media/catalog/product/t/h/th_m_ti_u_3__1.png
820,285,https://cellphones.com.vn/media/catalog/product/o/p/op-lung-iphone-16-pro-cam-den_59__3.png
821,285,https://cellphones.com.vn/media/catalog/product/t/e/text_ng_n_-_2026-03-26t161822.082.png
822,286,https://cdn2.cellphones.com.vn/media/catalog/product/t/e/text_ng_n_-_2026-03-19t094859.520.png
823,286,https://cellphones.com.vn/media/catalog/product/o/p/op-lung-iphone-16-pro-cam-den_51__1.png
824,286,https://cellphones.com.vn/media/catalog/product/t/e/text_ng_n_-_2026-03-19t094859.520.png
825,287,https://cdn2.cellphones.com.vn/media/catalog/product/t/e/text_ng_n_-_2026-03-19t092638.246.png
826,287,https://cellphones.com.vn/media/catalog/product/o/p/op-lung-iphone-16-pro-cam-den_38__1.png
827,287,https://cellphones.com.vn/media/catalog/product/o/p/op-lung-iphone-16-pro-cam-den_40__1.png
828,287,https://cellphones.com.vn/media/catalog/product/o/p/op-lung-iphone-16-pro-cam-den_39__1.png
829,287,https://cellphones.com.vn/media/catalog/product/o/p/op-lung-iphone-16-pro-cam-den_42__1.png
830,287,https://cellphones.com.vn/media/catalog/product/t/e/text_ng_n_-_2026-03-19t092638.246.png
831,288,https://cdn2.cellphones.com.vn/media/catalog/product/t/e/text_ng_n_-_2026-03-19t093157.165_2.png
832,288,https://cellphones.com.vn/media/catalog/product/o/p/op-lung-iphone-16-pro-cam-den_44__4.png
833,288,https://cellphones.com.vn/media/catalog/product/t/e/text_ng_n_-_2026-03-19t093157.165_2.png
834,289,https://cdn2.cellphones.com.vn/media/catalog/product/t/e/text_ng_n_-_2025-06-09t151006.945_1.png
835,289,https://cellphones.com.vn/media/catalog/product/t/e/text_ng_n_-_2025-06-09t151020.22_1_.png
836,289,https://cellphones.com.vn/media/catalog/product/t/e/text_ng_n_-_2025-06-09t151006.945_1.png
837,290,https://cdn2.cellphones.com.vn/media/catalog/product/t/e/text_ng_n_-_2026-03-19t093157.165.png
838,290,https://cellphones.com.vn/media/catalog/product/o/p/op-lung-iphone-16-pro-cam-den_44__1.png
839,290,https://cellphones.com.vn/media/catalog/product/t/e/text_ng_n_-_2026-03-19t093157.165.png
840,291,https://cdn2.cellphones.com.vn/media/catalog/product/t/e/text_ng_n_-_2026-03-19t102259.025.png
841,291,https://cellphones.com.vn/media/catalog/product/o/p/op-lung-iphone-16-pro-cam-den_56__1.png
842,291,https://cellphones.com.vn/media/catalog/product/o/p/op-lung-iphone-16-pro-cam-den_57__1.png
843,291,https://cellphones.com.vn/media/catalog/product/t/e/text_ng_n_-_2026-03-19t102259.025.png
844,292,https://cdn2.cellphones.com.vn/media/catalog/product/t/e/text_ng_n_-_2026-03-19t151130.960.png
845,292,https://cellphones.com.vn/media/catalog/product/o/p/op-lung-iphone-16-pro-cam-den_91__1.png
846,292,https://cellphones.com.vn/media/catalog/product/o/p/op-lung-iphone-16-pro-cam-den_92__1.png
847,292,https://cellphones.com.vn/media/catalog/product/t/e/text_ng_n_-_2026-03-19t151130.960.png
848,293,https://cdn2.cellphones.com.vn/media/catalog/product/t/e/text_ng_n_-_2026-03-19t152932.478.png
849,293,https://cellphones.com.vn/media/catalog/product/o/p/op-lung-iphone-16-pro-cam-den_91__3.png
850,293,https://cellphones.com.vn/media/catalog/product/o/p/op-lung-iphone-16-pro-cam-den_92__3.png
851,293,https://cellphones.com.vn/media/catalog/product/t/e/text_ng_n_-_2026-03-19t152932.478.png
852,294,https://cdn2.cellphones.com.vn/media/catalog/product/t/e/text_ng_n_-_2026-03-18t171248.234.png
853,294,https://cellphones.com.vn/media/catalog/product/o/p/op-lung-iphone-16-pro-cam-den_2__1.png
854,294,https://cellphones.com.vn/media/catalog/product/t/e/text_ng_n_-_2026-03-18t171248.234.png
855,295,https://cdn2.cellphones.com.vn/media/catalog/product/t/e/text_ng_n_-_2026-03-18t171813.052.png
856,295,https://cellphones.com.vn/media/catalog/product/o/p/op-lung-iphone-16-pro-cam-den_11__1.png
857,295,https://cellphones.com.vn/media/catalog/product/t/e/text_ng_n_-_2026-03-18t171813.052.png
858,296,https://cdn2.cellphones.com.vn/media/catalog/product/t/e/text_ng_n_-_2026-03-18t172408.447.png
859,296,https://cellphones.com.vn/media/catalog/product/o/p/op-lung-iphone-16-pro-cam-den_27__1.png
860,296,https://cellphones.com.vn/media/catalog/product/t/e/text_ng_n_-_2026-03-18t172408.447.png
861,297,https://cdn2.cellphones.com.vn/media/catalog/product/t/e/text_ng_n_-_2026-03-18t154656.019.png
862,297,https://cellphones.com.vn/media/catalog/product/o/p/op-lung-iphone-16-pro-max-innostyle-with-magsafe-tim_-_2026-03-18t154305.649_1.png
863,297,https://cellphones.com.vn/media/catalog/product/o/p/op-lung-iphone-16-pro-max-innostyle-with-magsafe-tim_-_2026-03-18t154451.316_1.png
864,297,https://cellphones.com.vn/media/catalog/product/o/p/op-lung-iphone-16-pro-max-innostyle-with-magsafe-tim_-_2026-03-18t154540.228_1.png
865,297,https://cellphones.com.vn/media/catalog/product/o/p/op-lung-iphone-16-pro-max-innostyle-with-magsafe-tim_-_2026-03-18t154651.701_1.png
866,297,https://cellphones.com.vn/media/catalog/product/t/e/text_ng_n_-_2026-03-18t154656.019.png
867,298,https://cdn2.cellphones.com.vn/media/catalog/product/t/e/text_ng_n_-_2026-03-18t165809.468.png
868,298,https://cellphones.com.vn/media/catalog/product/o/p/op-lung-iphone-16-pro-den-dong_1.png
869,298,https://cellphones.com.vn/media/catalog/product/o/p/op-lung-iphone-16-pro-cam-den_1.png
870,298,https://cellphones.com.vn/media/catalog/product/t/e/text_ng_n_-_2026-03-18t165809.468.png
871,299,https://cdn2.cellphones.com.vn/media/catalog/product/t/e/text_ng_n_-_2026-03-19t144905.347.png
872,299,https://cellphones.com.vn/media/catalog/product/o/p/op-lung-iphone-16-pro-cam-den_77__1.png
873,299,https://cellphones.com.vn/media/catalog/product/o/p/op-lung-iphone-16-pro-cam-den_88__1.png
874,299,https://cellphones.com.vn/media/catalog/product/o/p/op-lung-iphone-16-pro-cam-den_87__1.png
875,299,https://cellphones.com.vn/media/catalog/product/o/p/op-lung-iphone-16-pro-cam-den_86__1.png
876,299,https://cellphones.com.vn/media/catalog/product/t/e/text_ng_n_-_2026-03-19t144905.347.png
877,300,https://cdn2.cellphones.com.vn/media/catalog/product/t/e/text_ng_n_-_2026-03-19t143821.684.png
878,300,https://cellphones.com.vn/media/catalog/product/o/p/op-lung-iphone-16-pro-cam-den_72__1.png
879,300,https://cellphones.com.vn/media/catalog/product/o/p/op-lung-iphone-16-pro-cam-den_74__1.png
880,300,https://cellphones.com.vn/media/catalog/product/o/p/op-lung-iphone-16-pro-cam-den_68__1.png
881,300,https://cellphones.com.vn/media/catalog/product/t/e/text_ng_n_-_2026-03-19t143821.684.png
882,301,https://cdn2.cellphones.com.vn/media/catalog/product/t/e/text_ng_n_-_2026-03-18t160152.343.png
883,301,https://cellphones.com.vn/media/catalog/product/o/p/op-lung-iphone-16-pro-max-innostyle-with-magsafe-tim_-_2026-03-18t160150.009_1.png
884,301,https://cellphones.com.vn/media/catalog/product/o/p/op-lung-iphone-16-pro-max-innostyle-with-magsafe-tim_-_2026-03-18t160121.925_1.png
885,301,https://cellphones.com.vn/media/catalog/product/o/p/op-lung-iphone-16-pro-max-innostyle-with-magsafe-tim_-_2026-03-18t155904.455_1.png
886,301,https://cellphones.com.vn/media/catalog/product/t/e/text_ng_n_-_2026-03-18t160152.343.png
887,302,https://cdn2.cellphones.com.vn/media/catalog/product/t/e/text_ng_n_-_2026-03-18t161432.184.png
888,302,https://cellphones.com.vn/media/catalog/product/o/p/op-lung-iphone-16-pro-max-nau_1.png
889,302,https://cellphones.com.vn/media/catalog/product/o/p/op-lung-iphone-16-pro-max-xanh-oliu_1.png
890,302,https://cellphones.com.vn/media/catalog/product/o/p/op-lung-iphone-16-pro-max-xanh-oliu_12__1.png
891,302,https://cellphones.com.vn/media/catalog/product/o/p/op-lung-iphone-16-pro-max-nau_1__1.png
892,302,https://cellphones.com.vn/media/catalog/product/t/e/text_ng_n_-_2026-03-18t161432.184.png
893,303,https://cdn2.cellphones.com.vn/media/catalog/product/t/e/text_ng_n_-_2026-03-18t164443.165.png
894,303,https://cellphones.com.vn/media/catalog/product/o/p/op-lung-iphone-16-pro-max-nau_14__1.png
895,303,https://cellphones.com.vn/media/catalog/product/t/e/text_ng_n_-_2026-03-18t164443.165.png
896,304,https://cdn2.cellphones.com.vn/media/catalog/product/t/e/text_ng_n_-_2026-03-18t162347.149.png
897,304,https://cellphones.com.vn/media/catalog/product/o/p/op-lung-iphone-16-pro-max-nau_13__1.png
898,304,https://cellphones.com.vn/media/catalog/product/o/p/op-lung-iphone-16-pro-max-nau_2__1.png
899,304,https://cellphones.com.vn/media/catalog/product/t/e/text_ng_n_-_2026-03-18t162347.149.png
900,305,https://cdn2.cellphones.com.vn/media/catalog/product/t/e/text_ng_n_-_2026-03-18t152446.660.png
901,305,https://cellphones.com.vn/media/catalog/product/o/p/op-lung-iphone-16-pro-max-innostyle-with-magsafe-tim_-_2026-03-18t152230.331_1.png
902,305,https://cellphones.com.vn/media/catalog/product/o/p/op-lung-iphone-16-pro-max-innostyle-with-magsafe-tim_-_2026-03-18t152427.696_1.png
903,305,https://cellphones.com.vn/media/catalog/product/t/e/text_ng_n_-_2026-03-18t152446.660.png
904,306,https://cdn2.cellphones.com.vn/media/catalog/product/q/u/quat-cam-tay-mini-veeco-vmf-06-2000mah_1_.png
905,306,https://cellphones.com.vn/media/catalog/product/q/u/quat-cam-tay-mini-veeco-vmf-06-2000mah_2__1.png
906,306,https://cellphones.com.vn/media/catalog/product/q/u/quat-cam-tay-mini-veeco-vmf-06-2000mah_3__1.png
907,306,https://cellphones.com.vn/media/catalog/product/q/u/quat-cam-tay-mini-veeco-vmf-06-2000mah_4__1.png
908,306,https://cellphones.com.vn/media/catalog/product/q/u/quat-cam-tay-mini-veeco-vmf-06-2000mah_1_.png
909,307,https://cdn2.cellphones.com.vn/media/catalog/product/q/u/quat-dung-aqua-aqs-fed2001r-w-vn_1__2.png
910,307,https://cellphones.com.vn/media/catalog/product/q/u/quat-dung-aqua-aqs-fed2001r-w-vn-cu.jpg
911,307,https://cellphones.com.vn/media/catalog/product/q/u/quat-dung-aqua-aqs-fed2001r-w-vn_1__2.png
912,308,https://cdn2.cellphones.com.vn/media/catalog/product/q/u/quat-dung-toshiba-f-lsa20-w-vn_1_.png
913,308,https://cellphones.com.vn/media/catalog/product/q/u/quat-dung-toshiba-f-lsa20-w-vn_2__1.png
914,308,https://cellphones.com.vn/media/catalog/product/q/u/quat-dung-toshiba-f-lsa20-w-vn_1_.png
915,309,https://cdn2.cellphones.com.vn/media/catalog/product/q/u/quat-lam-mat-suoi-am-va-tao-am-4-mua-fujihome-ac01_1.png
916,309,https://cellphones.com.vn/media/catalog/product/q/u/quat-lam-mat-suoi-am-va-tao-am-4-mua-fujihome-ac01-cu.jpg
917,309,https://cellphones.com.vn/media/catalog/product/q/u/quat-lam-mat-suoi-am-va-tao-am-4-mua-fujihome-ac01_1.png
918,310,https://cdn2.cellphones.com.vn/media/catalog/product/r/a/ram-pc-corsair-vengeance-lpx-8gb-ddr4-3200mhz_1_.png
919,310,https://cellphones.com.vn/media/catalog/product/r/a/ram-pc-corsair-vengeance-lpx-8gb-ddr4-3200mhz_2__1.png
920,310,https://cellphones.com.vn/media/catalog/product/r/a/ram-pc-corsair-vengeance-lpx-8gb-ddr4-3200mhz_1_.png
921,311,https://cdn2.cellphones.com.vn/media/catalog/product/r/a/ram-pc-corsair-vengeance-rgb-16gb-ddr5-6000mhz_1_.png
922,311,https://cellphones.com.vn/media/catalog/product/r/a/ram-pc-corsair-vengeance-rgb-16gb-ddr5-6000mhz_2__1.png
923,311,https://cellphones.com.vn/media/catalog/product/r/a/ram-pc-corsair-vengeance-rgb-16gb-ddr5-6000mhz_1_.png
924,312,https://cdn2.cellphones.com.vn/media/catalog/product/r/o/robot-hut-bui-ecovacs-deebot-t9-1_3.png
925,312,https://cellphones.com.vn/media/catalog/product/r/o/robot-hut-bui-ecovacs-deebot-t9-cu.jpg
926,312,https://cellphones.com.vn/media/catalog/product/r/o/robot-hut-bui-ecovacs-deebot-t9-1_3.png
927,313,https://cdn2.cellphones.com.vn/media/catalog/product/r/o/roborock-saros-z70_1.png
928,313,https://cellphones.com.vn/media/catalog/product/r/o/robot-hut-bui-roborock-saros-z70-cu.jpg
929,313,https://cellphones.com.vn/media/catalog/product/r/o/roborock-saros-z70_1.png
930,314,https://cdn2.cellphones.com.vn/media/catalog/product/r/o/robot-hut-bui-xiaomi-vacuum-h50-pro.jpg
931,314,https://cellphones.com.vn/media/catalog/product/r/o/robot-hut-bui-xiaomi-vacuum-h50-3_2.jpg
932,314,https://cellphones.com.vn/media/catalog/product/r/o/robot-hut-bui-xiaomi-vacuum-h50-pro.jpg
933,315,https://cdn2.cellphones.com.vn/media/catalog/product/r/o/robot-hut-bui-xiaomi-vacuum-h50.jpg
934,315,https://cellphones.com.vn/media/catalog/product/r/o/robot-hut-bui-xiaomi-vacuum-h50-1_1.jpg
935,315,https://cellphones.com.vn/media/catalog/product/r/o/robot-hut-bui-xiaomi-vacuum-h50.jpg
936,316,https://cdn2.cellphones.com.vn/media/catalog/product/t/a/tan-nhiet-khi-cpu-jonsbo-cr-1200e-rgb_1_.png
937,316,https://cellphones.com.vn/media/catalog/product/t/a/tan-nhiet-khi-cpu-jonsbo-cr-1200e-rgb_2__1.png
938,316,https://cellphones.com.vn/media/catalog/product/t/a/tan-nhiet-khi-cpu-jonsbo-cr-1200e-rgb_1_.png
939,317,https://cdn2.cellphones.com.vn/media/catalog/product/v/g/vga-msi-geforce-rtx-5070-12gb-ventus-2x_1_.png
940,317,https://cellphones.com.vn/media/catalog/product/v/g/vga-msi-geforce-rtx-5070-12gb-ventus-2x_3__1.png
941,317,https://cellphones.com.vn/media/catalog/product/v/g/vga-msi-geforce-rtx-5070-12gb-ventus-2x_2__1.png
942,317,https://cellphones.com.vn/media/catalog/product/v/g/vga-msi-geforce-rtx-5070-12gb-ventus-2x_1_.png
943,318,https://cdn2.cellphones.com.vn/media/catalog/product/v/g/vga-msi-geforce-rtx-5070-12gb-ventus-3x_1_.png
944,318,https://cellphones.com.vn/media/catalog/product/v/g/vga-msi-geforce-rtx-5070-12gb-ventus-3x_2__1.png
945,318,https://cellphones.com.vn/media/catalog/product/v/g/vga-msi-geforce-rtx-5070-12gb-ventus-3x_1_.png
946,319,https://cdn2.cellphones.com.vn/media/catalog/product/x/i/xiaomi-mi-box-s-4k-gen-3_1__1.png
947,319,https://cellphones.com.vn/media/catalog/product/x/i/xiaomi-mi-box-s-4k-gen-3-cu.jpg
948,319,https://cellphones.com.vn/media/catalog/product/x/i/xiaomi-mi-box-s-4k-gen-3_1__1.png
