product_id,image_url
1,https://cdn2.cellphones.com.vn/x/media/catalog/product/h/o/honor-x8d-6.jpg
1,https://cdn2.cellphones.com.vn/x/media/catalog/product/h/o/honor-x8d-13.jpg
1,https://cdn2.cellphones.com.vn/358x/media/wysiwyg/placehoder.png
1,https://cdn2.cellphones.com.vn/x/media/catalog/product/h/o/honor-x8d-8.jpg
1,https://cdn2.cellphones.com.vn/x/media/catalog/product/d/i/dien-thoai-honor-x8d-3_1.jpg
1,https://cdn2.cellphones.com.vn/x/media/catalog/product/h/o/honor-x8d-10.jpg
1,https://cdn2.cellphones.com.vn/x/media/catalog/product/h/o/honor-x8d-2.jpg
1,https://cdn2.cellphones.com.vn/x/media/catalog/product/d/i/dien-thoai-honor-x8d-2_1.jpg
1,https://cdn2.cellphones.com.vn/x/media/catalog/product/d/i/dien-thoai-honor-x8d-1_1.jpg
1,https://cdn2.cellphones.com.vn/x/media/catalog/product/h/o/honor-x8d.jpg
1,https://cdn2.cellphones.com.vn/x/media/catalog/product/h/o/honor-x8d-5.jpg
1,https://cdn2.cellphones.com.vn/x/media/catalog/product/h/o/honor-x8d-3.jpg
1,https://cdn2.cellphones.com.vn/x/media/catalog/product/h/o/honor-x8d-12.jpg
1,https://cdn2.cellphones.com.vn/x/media/catalog/product/h/o/honor-x8d-1.jpg
1,https://cdn2.cellphones.com.vn/x/media/catalog/product/h/o/honor-x8d-14.jpg
1,https://cdn2.cellphones.com.vn/x/media/catalog/product/d/i/dien-thoai-honor-x8d_1.jpg
1,https://cdn2.cellphones.com.vn/x/media/catalog/product/d/i/dien-thoai-honor-x8d-4.jpg
1,https://cdn2.cellphones.com.vn/x/media/catalog/product/h/o/honor-x8d-7.jpg
1,https://cdn2.cellphones.com.vn/x/media/catalog/product/h/o/honor-x8d-9.jpg
1,https://cdn2.cellphones.com.vn/x/media/catalog/product/h/o/honor-x8d-11.jpg
2,https://cdn2.cellphones.com.vn/x/media/catalog/product/d/i/dien-thoai-samsung-galaxy-s25-utra_23_.png
2,https://cdn2.cellphones.com.vn/x/media/catalog/product/d/i/dien-thoai-samsung-galaxy-s25-utra_15_.png
2,https://cdn2.cellphones.com.vn/x/media/catalog/product/d/i/dien-thoai-samsung-galaxy-s25-utra_5_.png
2,https://cdn2.cellphones.com.vn/358x/media/wysiwyg/placehoder.png
2,https://cdn2.cellphones.com.vn/x/media/catalog/product/d/i/dien-thoai-samsung-galaxy-s25-ultra_2__3.png
2,https://cdn2.cellphones.com.vn/x/media/catalog/product/d/i/dien-thoai-samsung-galaxy-s25-ultra_3__3.png
2,https://cdn2.cellphones.com.vn/x/media/catalog/product/d/i/dien-thoai-samsung-galaxy-s25-utra_7_.png
2,https://cdn2.cellphones.com.vn/x/media/catalog/product/s/a/samsung_galaxy_s25_ultra_-_4.png
2,https://img.youtube.com/vi/AaXXgn5xNeY/maxresdefault.jpg
2,https://cdn2.cellphones.com.vn/x/media/catalog/product/d/i/dien-thoai-samsung-galaxy-s25-utra_16_.png
2,https://cdn2.cellphones.com.vn/x/media/catalog/product/d/i/dien-thoai-samsung-galaxy-s25-utra_18_.png
2,https://cdn2.cellphones.com.vn/x/media/catalog/product/d/i/dien-thoai-samsung-galaxy-s25-utra_19_.png
2,https://cdn2.cellphones.com.vn/x/media/catalog/product/d/i/dien-thoai-samsung-galaxy-s25-utra_24_.png
2,https://cdn2.cellphones.com.vn/x/media/catalog/product/d/i/dien-thoai-samsung-galaxy-s25-utra_22_.png
2,https://cdn2.cellphones.com.vn/x/media/catalog/product/d/i/dien-thoai-samsung-galaxy-s25-utra_17_.png
2,https://cdn2.cellphones.com.vn/x/media/catalog/product/d/i/dien-thoai-samsung-galaxy-s25-utra_11_.png
2,https://cdn2.cellphones.com.vn/x/media/catalog/product/d/i/dien-thoai-samsung-galaxy-s25-utra.png
2,https://cdn2.cellphones.com.vn/x/media/catalog/product/d/i/dien-thoai-samsung-galaxy-s25-utra_9_.png
2,https://cdn2.cellphones.com.vn/x/media/catalog/product/d/i/dien-thoai-samsung-galaxy-s25-utra_25_.png
2,https://cdn2.cellphones.com.vn/x/media/catalog/product/d/i/dien-thoai-samsung-galaxy-s25-utra_4_.png
2,https://cdn2.cellphones.com.vn/x/media/catalog/product/d/i/dien-thoai-samsung-galaxy-s25-utra_8_.png
2,https://cdn2.cellphones.com.vn/x/media/catalog/product/d/i/dien-thoai-samsung-galaxy-s25-utra_2_.png
2,https://cdn2.cellphones.com.vn/x/media/catalog/product/d/i/dien-thoai-samsung-galaxy-s25-utra_14_.png
2,https://cdn2.cellphones.com.vn/x/media/catalog/product/s/a/samsung_galaxy_s25_ultra_-_1.png
2,https://cdn2.cellphones.com.vn/x/media/catalog/product/d/i/dien-thoai-samsung-galaxy-s25-utra_3_.png
2,https://cdn2.cellphones.com.vn/x/media/catalog/product/d/i/dien-thoai-samsung-galaxy-s25-utra_21_.png
2,https://cdn2.cellphones.com.vn/x/media/catalog/product/s/a/samsung_galaxy_s25_ultra_-_3.png
2,https://cdn2.cellphones.com.vn/x/media/catalog/product/d/i/dien-thoai-samsung-galaxy-s25-ultra.png
2,https://cdn2.cellphones.com.vn/x/media/catalog/product/d/i/dien-thoai-samsung-galaxy-s25-utra_1_.png
2,https://cdn2.cellphones.com.vn/x/media/catalog/product/s/a/samsung_galaxy_s25_ultra_-_5.png
2,https://cdn2.cellphones.com.vn/x/media/catalog/product/d/i/dien-thoai-samsung-galaxy-s25-ultra_1__3.png
2,https://cdn2.cellphones.com.vn/x/media/catalog/product/d/i/dien-thoai-samsung-galaxy-s25-utra_12_.png
2,https://cdn2.cellphones.com.vn/x/media/catalog/product/d/i/dien-thoai-samsung-galaxy-s25-utra_20_.png
2,https://cdn2.cellphones.com.vn/x/media/catalog/product/d/i/dien-thoai-samsung-galaxy-s25-utra_10_.png
2,https://cdn2.cellphones.com.vn/x/media/catalog/product/s/a/samsung_galaxy_s25_ultra_-_2.png
2,https://cdn2.cellphones.com.vn/x/media/catalog/product/d/i/dien-thoai-samsung-galaxy-s25-utra_13_.png
3,https://cdn2.cellphones.com.vn/x/media/catalog/product/d/i/dien-thoai-xiaomi-17-ultra-den-trang-5.jpg
3,https://cdn2.cellphones.com.vn/x/media/catalog/product/d/i/dien-thoai-xiaomi-17-ultra-den-xanhla-3.jpg
3,https://cdn2.cellphones.com.vn/x/media/catalog/product/d/i/dien-thoai-xiaomi-17-ultra-trang-9.jpg
3,https://cdn2.cellphones.com.vn/x/media/catalog/product/d/i/dien-thoai-xiaomi-17-ultra-den-trang-4.jpg
3,https://cdn2.cellphones.com.vn/x/media/catalog/product/d/i/dien-thoai-xiaomi-17-ultra-den-trang-9.jpg
3,https://cdn2.cellphones.com.vn/x/media/catalog/product/d/i/dien-thoai-xiaomi-17-ultra-den-xanhla-7.jpg
3,https://cdn2.cellphones.com.vn/358x/media/wysiwyg/placehoder.png
3,https://cdn2.cellphones.com.vn/x/media/catalog/product/d/i/dien-thoai-xiaomi-17-ultra-trang_1.jpg
3,https://cdn2.cellphones.com.vn/x/media/catalog/product/d/i/dien-thoai-xiaomi-17-ultra-den-xanhla.jpg
3,https://cdn2.cellphones.com.vn/x/media/catalog/product/d/i/dien-thoai-xiaomi-17-ultra-den-trang-3.jpg
3,https://cdn2.cellphones.com.vn/x/media/catalog/product/d/i/dien-thoai-xiaomi-17-ultra-trang-10.jpg
3,https://cdn2.cellphones.com.vn/x/media/catalog/product/d/i/dien-thoai-xiaomi-17-ultra-den-trang-6.jpg
3,https://cdn2.cellphones.com.vn/x/media/catalog/product/d/i/dien-thoai-xiaomi-17-ultra-den-5.jpg
3,https://cdn2.cellphones.com.vn/x/media/catalog/product/d/i/dien-thoai-xiaomi-17-ultra-den-trang-10.jpg
3,https://cdn2.cellphones.com.vn/x/media/catalog/product/d/i/dien-thoai-xiaomi-17-ultra-den-trang.jpg
3,https://cdn2.cellphones.com.vn/x/media/catalog/product/d/i/dien-thoai-xiaomi-17-ultra-den-xanhla-6.jpg
3,https://cdn2.cellphones.com.vn/x/media/catalog/product/s/l/slider-xiaomi-17-ultra-4.jpg
3,https://cdn2.cellphones.com.vn/x/media/catalog/product/d/i/dien-thoai-xiaomi-17-ultra-den-xanhla-10.jpg
3,https://cdn2.cellphones.com.vn/x/media/catalog/product/d/i/dien-thoai-xiaomi-17-ultra-trang-2.jpg
3,https://cdn2.cellphones.com.vn/x/media/catalog/product/s/l/slider-xiaomi-17-ultra_1_2.jpg
3,https://cdn2.cellphones.com.vn/x/media/catalog/product/d/i/dien-thoai-xiaomi-17-ultra-den-trang-7.jpg
3,https://cdn2.cellphones.com.vn/x/media/catalog/product/d/i/dien-thoai-xiaomi-17-ultra-den-8.jpg
3,https://cdn2.cellphones.com.vn/x/media/catalog/product/d/i/dien-thoai-xiaomi-17-ultra-den-4.jpg
3,https://cdn2.cellphones.com.vn/x/media/catalog/product/d/i/dien-thoai-xiaomi-17-ultra-den-2.jpg
3,https://cdn2.cellphones.com.vn/x/media/catalog/product/d/i/dien-thoai-xiaomi-17-ultra-den-trang-2.jpg
3,https://cdn2.cellphones.com.vn/x/media/catalog/product/d/i/dien-thoai-xiaomi-17-ultra-den-trang-8.jpg
3,https://cdn2.cellphones.com.vn/x/media/catalog/product/d/i/dien-thoai-xiaomi-17-ultra-den-9.jpg
3,https://cdn2.cellphones.com.vn/x/media/catalog/product/d/i/dien-thoai-xiaomi-17-ultra-trang-7.jpg
3,https://cdn2.cellphones.com.vn/x/media/catalog/product/s/l/slider-xiaomi-17-ultra-1.jpg
3,https://cdn2.cellphones.com.vn/x/media/catalog/product/d/i/dien-thoai-xiaomi-17-ultra-den-xanhla-2.jpg
3,https://cdn2.cellphones.com.vn/x/media/catalog/product/d/i/dien-thoai-xiaomi-17-ultra-den-xanhla-1.jpg
3,https://cdn2.cellphones.com.vn/x/media/catalog/product/d/i/dien-thoai-xiaomi-17-ultra-den-xanhla-9.jpg
3,https://cdn2.cellphones.com.vn/x/media/catalog/product/d/i/dien-thoai-xiaomi-17-ultra-trang-4.jpg
3,https://cdn2.cellphones.com.vn/x/media/catalog/product/d/i/dien-thoai-xiaomi-17-ultra-trang-6.jpg
3,https://cdn2.cellphones.com.vn/x/media/catalog/product/d/i/dien-thoai-xiaomi-17-ultra-den-xanhla-4.jpg
3,https://cdn2.cellphones.com.vn/x/media/catalog/product/d/i/dien-thoai-xiaomi-17-ultra-den-xanhla-5.jpg
3,https://cdn2.cellphones.com.vn/x/media/catalog/product/s/l/slider-xiaomi-17-ultra.jpg
3,https://cdn2.cellphones.com.vn/x/media/catalog/product/d/i/dien-thoai-xiaomi-17-ultra-trang-3.jpg
3,https://cdn2.cellphones.com.vn/x/media/catalog/product/d/i/dien-thoai-xiaomi-17-ultra-den-3.jpg
3,https://cdn2.cellphones.com.vn/x/media/catalog/product/d/i/dien-thoai-xiaomi-17-ultra-den-10.jpg
3,https://cdn2.cellphones.com.vn/x/media/catalog/product/d/i/dien-thoai-xiaomi-17-ultra-den-trang-1.jpg
3,https://cdn2.cellphones.com.vn/x/media/catalog/product/d/i/dien-thoai-xiaomi-17-ultra-trang-8.jpg
3,https://cdn2.cellphones.com.vn/x/media/catalog/product/d/i/dien-thoai-xiaomi-17-ultra-den-xanhla-8.jpg
3,https://cdn2.cellphones.com.vn/x/media/catalog/product/d/i/dien-thoai-xiaomi-17-ultra-den-7.jpg
3,https://cdn2.cellphones.com.vn/x/media/catalog/product/d/i/dien-thoai-xiaomi-17-ultra-den.jpg
3,https://cdn2.cellphones.com.vn/x/media/catalog/product/d/i/dien-thoai-xiaomi-17-ultra-den-1.jpg
3,https://cdn2.cellphones.com.vn/x/media/catalog/product/d/i/dien-thoai-xiaomi-17-ultra-den-6.jpg
3,https://cdn2.cellphones.com.vn/x/media/catalog/product/d/i/dien-thoai-xiaomi-17-ultra-trang-5.jpg
3,https://cdn2.cellphones.com.vn/x/media/catalog/product/s/l/slider-xiaomi-17-ultra-2.jpg
3,https://cdn2.cellphones.com.vn/x/media/catalog/product/d/i/dien-thoai-xiaomi-17-ultra-trang-1.jpg
4,https://cdn2.cellphones.com.vn/x/media/catalog/product/o/p/oppo-reno15-5g-6.jpg
4,https://cdn2.cellphones.com.vn/x/media/catalog/product/o/p/oppo-reno15-5g-2.jpg
4,https://cdn2.cellphones.com.vn/x/media/catalog/product/o/p/oppo-reno15-5g-15.jpg
4,https://cdn2.cellphones.com.vn/358x/media/wysiwyg/placehoder.png
4,https://img.youtube.com/vi/cRoaCVD3kHs/maxresdefault.jpg
4,https://cdn2.cellphones.com.vn/x/media/catalog/product/o/p/oppo-reno15-5g-4.jpg
4,https://cdn2.cellphones.com.vn/x/media/catalog/product/s/l/slider-oppo-reno15-5g-4.jpg
4,https://cdn2.cellphones.com.vn/x/media/catalog/product/o/p/oppo-reno15-5g-17.jpg
4,https://cdn2.cellphones.com.vn/x/media/catalog/product/o/p/oppo-reno15-5g-7.jpg
4,https://cdn2.cellphones.com.vn/x/media/catalog/product/o/p/oppo-reno15-5g-13.jpg
4,https://cdn2.cellphones.com.vn/x/media/catalog/product/s/l/slider-oppo-reno15-5g-12gb.jpg
4,https://cdn2.cellphones.com.vn/x/media/catalog/product/o/p/oppo-reno15-5g-1.jpg
4,https://cdn2.cellphones.com.vn/x/media/catalog/product/o/p/oppo-reno15-5g-12.jpg
4,https://cdn2.cellphones.com.vn/x/media/catalog/product/o/p/oppo-reno15-5g-3.jpg
4,https://cdn2.cellphones.com.vn/x/media/catalog/product/s/l/slider-oppo-reno15-5g.jpg
4,https://cdn2.cellphones.com.vn/x/media/catalog/product/o/p/oppo-reno15-5g-10.jpg
4,https://cdn2.cellphones.com.vn/x/media/catalog/product/o/p/oppo-reno15-5g-8.jpg
4,https://cdn2.cellphones.com.vn/x/media/catalog/product/o/p/oppo-reno15-5g-16.jpg
4,https://cdn2.cellphones.com.vn/x/media/catalog/product/s/l/slider-oppo-reno15-5g-1.jpg
4,https://cdn2.cellphones.com.vn/x/media/catalog/product/o/p/oppo-reno15-5g-5.jpg
4,https://cdn2.cellphones.com.vn/x/media/catalog/product/s/l/slider-oppo-reno15-5g-2.jpg
4,https://cdn2.cellphones.com.vn/x/media/catalog/product/o/p/oppo-reno15-5g-11.jpg
4,https://cdn2.cellphones.com.vn/x/media/catalog/product/o/p/oppo-reno15-5g-9.jpg
4,https://cdn2.cellphones.com.vn/x/media/catalog/product/o/p/oppo-reno15-5g.jpg
4,https://cdn2.cellphones.com.vn/x/media/catalog/product/o/p/oppo-reno15-5g-14.jpg
5,https://cdn2.cellphones.com.vn/x/media/catalog/product/o/p/oppo-reno15f-5g-4.jpg
5,https://cdn2.cellphones.com.vn/x/media/catalog/product/o/p/oppo-reno15f-5g-10.jpg
5,https://cdn2.cellphones.com.vn/x/media/catalog/product/o/p/oppo-reno15f-5g-21.jpg
5,https://cdn2.cellphones.com.vn/358x/media/wysiwyg/placehoder.png
5,https://cdn2.cellphones.com.vn/x/media/catalog/product/o/p/oppo-reno15f-5g-19.jpg
5,https://cdn2.cellphones.com.vn/x/media/catalog/product/o/p/oppo-reno15f-5g-24.jpg
5,https://cdn2.cellphones.com.vn/x/media/catalog/product/o/p/oppo-reno15f-5g-26.jpg
5,https://cdn2.cellphones.com.vn/x/media/catalog/product/s/l/slider-oppo-reno15-f-5g-1.jpg
5,https://cdn2.cellphones.com.vn/x/media/catalog/product/s/l/slider-oppo-reno15-f-5g-6.jpg
5,https://cdn2.cellphones.com.vn/x/media/catalog/product/o/p/oppo-reno15f-5g-8.jpg
5,https://cdn2.cellphones.com.vn/x/media/catalog/product/o/p/oppo-reno15f-5g-23.jpg
5,https://img.youtube.com/vi/CY-yBdgQMnM/maxresdefault.jpg
5,https://cdn2.cellphones.com.vn/x/media/catalog/product/s/l/slider-oppo-reno15-f-5g-5.jpg
5,https://cdn2.cellphones.com.vn/x/media/catalog/product/o/p/oppo-reno15f-5g-6.jpg
5,https://cdn2.cellphones.com.vn/x/media/catalog/product/o/p/oppo-reno15f-5g-15.jpg
5,https://cdn2.cellphones.com.vn/x/media/catalog/product/o/p/oppo-reno15f-5g.jpg
5,https://cdn2.cellphones.com.vn/x/media/catalog/product/o/p/oppo-reno15f-5g-16.jpg
5,https://cdn2.cellphones.com.vn/x/media/catalog/product/s/l/slider-oppo-reno15-f-5g-4.jpg
5,https://cdn2.cellphones.com.vn/x/media/catalog/product/o/p/oppo-reno15f-5g-25.jpg
5,https://cdn2.cellphones.com.vn/x/media/catalog/product/o/p/oppo-reno15f-5g-13.jpg
5,https://cdn2.cellphones.com.vn/x/media/catalog/product/o/p/oppo-reno15f-5g-12.jpg
5,https://cdn2.cellphones.com.vn/x/media/catalog/product/o/p/oppo-reno15f-5g-20.jpg
5,https://cdn2.cellphones.com.vn/x/media/catalog/product/o/p/oppo-reno15f-5g-1.jpg
5,https://cdn2.cellphones.com.vn/x/media/catalog/product/o/p/oppo-reno15f-5g-2.jpg
5,https://cdn2.cellphones.com.vn/x/media/catalog/product/o/p/oppo-reno15f-5g-17.jpg
5,https://cdn2.cellphones.com.vn/x/media/catalog/product/o/p/oppo-reno15f-5g-18.jpg
5,https://cdn2.cellphones.com.vn/x/media/catalog/product/o/p/oppo-reno15f-5g-3.jpg
5,https://cdn2.cellphones.com.vn/x/media/catalog/product/o/p/oppo-reno15f-5g-11.jpg
5,https://cdn2.cellphones.com.vn/x/media/catalog/product/o/p/oppo-reno15f-5g-14.jpg
5,https://cdn2.cellphones.com.vn/x/media/catalog/product/o/p/oppo-reno15f-5g-5.jpg
5,https://cdn2.cellphones.com.vn/x/media/catalog/product/o/p/oppo-reno15f-5g-9.jpg
5,https://cdn2.cellphones.com.vn/x/media/catalog/product/o/p/oppo-reno15f-5g-22.jpg
5,https://cdn2.cellphones.com.vn/x/media/catalog/product/o/p/oppo-reno15f-5g-7.jpg
6,https://cdn2.cellphones.com.vn/x/media/catalog/product/m/u/mua-redmi-note-14-pro-plus-5g-gia-re.jpg
6,https://cdn2.cellphones.com.vn/358x/media/wysiwyg/placehoder.png
6,https://cdn2.cellphones.com.vn/x/media/catalog/product/a/m/am-thanh-xiaomi-note-14-pro-plus-5g-cao-cap.jpg
6,https://cdn2.cellphones.com.vn/x/media/catalog/product/m/a/man-hinh-dien-thoai-xiaomi-redmi-note-14-pro-plus-6-67inch.jpg
6,https://cdn2.cellphones.com.vn/x/media/catalog/product/x/i/xiaomi_redmi_note_14_pro_plus_5g_8gb_256gb_-_2.png
6,https://cdn2.cellphones.com.vn/x/media/catalog/product/x/i/xiaomi_redmi_note_14_pro_plus_5g_8gb_256gb_-_4.png
6,https://cdn2.cellphones.com.vn/x/media/catalog/product/x/i/xiaomi_redmi_note_14_pro_plus_5g_8gb_256gb_-_1.png
6,https://cdn2.cellphones.com.vn/x/media/catalog/product/x/i/xiaomi_redmi_note_14_pro_plus_5g_8gb_256gb_-_3.png
6,https://cdn2.cellphones.com.vn/x/media/catalog/product/t/h/thiet-ke-mat-lung-xiaomi-redmi-note-14-5g-pro-plus-chinh-hang.jpg
6,https://cdn2.cellphones.com.vn/x/media/catalog/product/c/a/camera-redmi-note-14-pro-plus-50mp.jpg
6,https://cdn2.cellphones.com.vn/x/media/catalog/product/x/i/xiaomi_redmi_note_14_pro_plus_5g_8gb_256gb_-_5.png
6,https://cdn2.cellphones.com.vn/x/media/catalog/product/r/e/redmi-note-14-pro-plus-den-man-hinh-amoled.jpg
6,https://cdn2.cellphones.com.vn/x/media/catalog/product/d/i/dien-thoai-xiaomi-redmi-note-14-pro-plus-den.png
6,https://cdn2.cellphones.com.vn/x/media/catalog/product/m/a/man-hinh-note-14-pro-plus-5g-6-67inch.jpg
6,https://cdn2.cellphones.com.vn/x/media/catalog/product/t/h/thiet-ke-dien-thoai-xiaomi-redmi-note-14-pro-plus-cac-nut-nhan-hien-dai.jpg
6,https://cdn2.cellphones.com.vn/x/media/catalog/product/d/i/dien-thoai-xiaomi-redmi-note-14-pro-plus-1.jpg
6,https://cdn2.cellphones.com.vn/x/media/catalog/product/r/e/redmi-note-14-pro-plus-5g-camera.jpg
6,https://cdn2.cellphones.com.vn/x/media/catalog/product/d/i/dien-thoai-xiaomi-note-14-pro-plus-chinh-hang.jpg
6,https://cdn2.cellphones.com.vn/x/media/catalog/product/c/a/camera-truoc-redmi-note-14-pro-plus-5g.jpg
6,https://cdn2.cellphones.com.vn/x/media/catalog/product/r/e/redmi-note-14-pro-plus-xanh.jpg
6,https://cdn2.cellphones.com.vn/x/media/catalog/product/d/i/dien-thoai-xiaomi-note-14-pro-plus-chinh-hang-thiet-ke-vien-may.jpg
6,https://cdn2.cellphones.com.vn/x/media/catalog/product/r/e/redmi-note-14-pro-plus-gia-re-nhat-2025.jpg
6,https://cdn2.cellphones.com.vn/x/media/catalog/product/r/e/redmi-note-14-pro-plus-man-hinh-amoled-fhd.jpg
6,https://cdn2.cellphones.com.vn/x/media/catalog/product/x/i/xiaomi-redmi-note-14-pro-plus-5g-gia-re-thiet-ke-dep.jpg
6,https://cdn2.cellphones.com.vn/x/media/catalog/product/x/i/xiaomi-redmi-note-14-pro-plus.jpg
6,https://cdn2.cellphones.com.vn/x/media/catalog/product/t/h/thiet-ke-vien-may-redmi-note-14-pro-plus-chinh-hang.jpg
6,https://cdn2.cellphones.com.vn/x/media/catalog/product/d/i/dien-thoai-xiaomi-redmi-note-14-pro-plus-tim.png
6,https://cdn2.cellphones.com.vn/x/media/catalog/product/m/a/may-note-14-pro-plus-5g-den-chinh-hang.jpg
6,https://cdn2.cellphones.com.vn/x/media/catalog/product/m/a/man-hinh-dien-thoai-xiaomi-note-14-pro-plus-5g-chinh-hang.jpg
6,https://cdn2.cellphones.com.vn/x/media/catalog/product/r/e/redmi-note-14-pro-plus-5g-_en-vien-kim-loai.jpg
6,https://cdn2.cellphones.com.vn/x/media/catalog/product/r/e/redmi-note-14-pro-plus-5g-vien-kim-loai-tot.jpg
6,https://img.youtube.com/vi/YAXh1ca0i-k/maxresdefault.jpg
7,https://cdn2.cellphones.com.vn/358x/media/wysiwyg/placehoder.png
7,https://cdn2.cellphones.com.vn/x/media/catalog/product/d/i/dien-thoai-tecno-pova-7-256gb_12_.png
7,https://cdn2.cellphones.com.vn/x/media/catalog/product/d/i/dien-thoai-tecno-pova-7-256gb_11_.png
7,https://cdn2.cellphones.com.vn/x/media/catalog/product/d/i/dien-thoai-tecno-pova-7-256gb_15_.png
7,https://cdn2.cellphones.com.vn/x/media/catalog/product/d/i/dien-thoai-tecno-pova-7-256gb_10_.png
7,https://cdn2.cellphones.com.vn/x/media/catalog/product/d/i/dien-thoai-tecno-pova-7-256gb_18_.png
7,https://cdn2.cellphones.com.vn/x/media/catalog/product/d/i/dien-thoai-tecno-pova-7-256gb_14_.png
7,https://cdn2.cellphones.com.vn/x/media/catalog/product/t/e/techno-pova-7-1.jpg
7,https://cdn2.cellphones.com.vn/x/media/catalog/product/t/e/techno-pova-7-2.jpg
7,https://cdn2.cellphones.com.vn/x/media/catalog/product/d/i/dien-thoai-tecno-pova-7-256gb_21_.png
7,https://cdn2.cellphones.com.vn/x/media/catalog/product/d/i/dien-thoai-tecno-pova-7-256gb_20_.png
7,https://cdn2.cellphones.com.vn/x/media/catalog/product/d/i/dien-thoai-tecno-pova-7-256gb_13_.png
7,https://cdn2.cellphones.com.vn/x/media/catalog/product/t/e/techno-pova-7.jpg
7,https://cdn2.cellphones.com.vn/x/media/catalog/product/d/i/dien-thoai-tecno-pova-7-256gb_5_.png
7,https://cdn2.cellphones.com.vn/x/media/catalog/product/t/e/techno-pova-7-4.jpg
7,https://cdn2.cellphones.com.vn/x/media/catalog/product/d/i/dien-thoai-tecno-pova-7-256gb_4_.png
7,https://cdn2.cellphones.com.vn/x/media/catalog/product/t/e/techno-pova-7-3.jpg
7,https://cdn2.cellphones.com.vn/x/media/catalog/product/d/i/dien-thoai-tecno-pova-7-256gb_3_.png
7,https://cdn2.cellphones.com.vn/x/media/catalog/product/d/i/dien-thoai-tecno-pova-7-256gb_8_.png
7,https://cdn2.cellphones.com.vn/x/media/catalog/product/d/i/dien-thoai-tecno-pova-7-256gb_23_.png
7,https://cdn2.cellphones.com.vn/x/media/catalog/product/d/i/dien-thoai-tecno-pova-7-256gb_16_.png
7,https://cdn2.cellphones.com.vn/x/media/catalog/product/d/i/dien-thoai-tecno-pova-7-256gb_6_.png
7,https://cdn2.cellphones.com.vn/x/media/catalog/product/d/i/dien-thoai-tecno-pova-7-256gb_19_.png
7,https://cdn2.cellphones.com.vn/x/media/catalog/product/d/i/dien-thoai-tecno-pova-7-256gb_22_.png
7,https://cdn2.cellphones.com.vn/x/media/catalog/product/d/i/dien-thoai-tecno-pova-7-256gb_7_.png
7,https://cdn2.cellphones.com.vn/x/media/catalog/product/d/i/dien-thoai-tecno-pova-7-256gb_9_.png
7,https://cdn2.cellphones.com.vn/x/media/catalog/product/d/i/dien-thoai-tecno-pova-7-256gb_17_.png
8,https://cdn2.cellphones.com.vn/x/media/catalog/product/o/p/oppo-find-n6-0.jpg
8,https://cdn2.cellphones.com.vn/358x/media/wysiwyg/placehoder.png
8,https://cdn2.cellphones.com.vn/x/media/catalog/product/o/p/oppo-find-n6-titan-0.jpg
8,https://cdn2.cellphones.com.vn/x/media/catalog/product/k/s/ksp.jpg
9,https://cdn2.cellphones.com.vn/x/media/catalog/product/s/l/slider-samsung-galaxy-a17-5g-1.jpg
9,https://cdn2.cellphones.com.vn/x/media/catalog/product/s/l/slider-samsung-galaxy-a17-5g_1.jpg
9,https://cdn2.cellphones.com.vn/358x/media/wysiwyg/placehoder.png
9,https://cdn2.cellphones.com.vn/x/media/catalog/product/s/a/samsung-galaxy-a17-5g-blue-7.jpg
9,https://cdn2.cellphones.com.vn/x/media/catalog/product/s/a/samsung-galaxy-a17-5g-back-6.jpg
9,https://cdn2.cellphones.com.vn/x/media/catalog/product/s/a/samsung-galaxy-a17-5g-blue-2.jpg
9,https://cdn2.cellphones.com.vn/x/media/catalog/product/s/a/samsung-galaxy-a17-5g-back-5.jpg
9,https://cdn2.cellphones.com.vn/x/media/catalog/product/s/a/samsung-galaxy-a17-5g-gray-1.jpg
9,https://cdn2.cellphones.com.vn/x/media/catalog/product/s/a/samsung-galaxy-a17-5g-blue-6.jpg
9,https://cdn2.cellphones.com.vn/x/media/catalog/product/s/a/samsung-galaxy-a17-5g-gray-8.jpg
9,https://cdn2.cellphones.com.vn/x/media/catalog/product/s/a/samsung-galaxy-a17-5g-gray-3.jpg
9,https://cdn2.cellphones.com.vn/x/media/catalog/product/s/a/samsung-galaxy-a17-5g-gray-2.jpg
9,https://cdn2.cellphones.com.vn/x/media/catalog/product/s/a/samsung-galaxy-a17-5g-back-2.jpg
9,https://cdn2.cellphones.com.vn/x/media/catalog/product/s/a/samsung-galaxy-a17-5g-blue-3.jpg
9,https://cdn2.cellphones.com.vn/x/media/catalog/product/s/a/samsung-galaxy-a17-5g-back-7.jpg
9,https://cdn2.cellphones.com.vn/x/media/catalog/product/s/a/samsung-galaxy-a17-5g-back-3.jpg
9,https://cdn2.cellphones.com.vn/x/media/catalog/product/s/a/samsung-galaxy-a17-5g-back-4.jpg
9,https://cdn2.cellphones.com.vn/x/media/catalog/product/s/a/samsung-galaxy-a17-5g-gray.jpg
9,https://cdn2.cellphones.com.vn/x/media/catalog/product/s/a/samsung-galaxy-a17-5g-blue.jpg
9,https://cdn2.cellphones.com.vn/x/media/catalog/product/s/a/samsung-galaxy-a17-5g-blue-8.jpg
9,https://cdn2.cellphones.com.vn/x/media/catalog/product/s/a/samsung-galaxy-a17-5g-gray-4.jpg
9,https://cdn2.cellphones.com.vn/x/media/catalog/product/s/l/slider-samsung-galaxy-a17-5g-3.jpg
9,https://cdn2.cellphones.com.vn/x/media/catalog/product/s/l/slider-samsung-galaxy-a17-5g-2.jpg
9,https://cdn2.cellphones.com.vn/x/media/catalog/product/s/a/samsung-galaxy-a17-5g-gray-7.jpg
9,https://cdn2.cellphones.com.vn/x/media/catalog/product/s/a/samsung-galaxy-a17-5g-gray-5.jpg
9,https://cdn2.cellphones.com.vn/x/media/catalog/product/s/a/samsung-galaxy-a17-5g-gray-6.jpg
9,https://cdn2.cellphones.com.vn/x/media/catalog/product/s/a/samsung-galaxy-a17-5g-back.jpg
9,https://cdn2.cellphones.com.vn/x/media/catalog/product/s/a/samsung-galaxy-a17-5g-back-8.jpg
9,https://cdn2.cellphones.com.vn/x/media/catalog/product/s/a/samsung-galaxy-a17-5g-blue-4.jpg
9,https://cdn2.cellphones.com.vn/x/media/catalog/product/s/l/slider-samsung-galaxy-a17-5g-4.jpg
9,https://cdn2.cellphones.com.vn/x/media/catalog/product/s/a/samsung-galaxy-a17-5g-blue-1.jpg
9,https://cdn2.cellphones.com.vn/x/media/catalog/product/s/a/samsung-galaxy-a17-5g-blue-5.jpg
9,https://cdn2.cellphones.com.vn/x/media/catalog/product/s/a/samsung-galaxy-a17-5g-back-1.jpg
10,https://cdn2.cellphones.com.vn/358x/media/wysiwyg/placehoder.png
10,https://cdn2.cellphones.com.vn/x/media/catalog/product/d/i/dien-thoai-tecno-pova-7_3_.png
10,https://cdn2.cellphones.com.vn/x/media/catalog/product/d/i/dien-thoai-tecno-pova-7_17_.png
10,https://cdn2.cellphones.com.vn/x/media/catalog/product/d/i/dien-thoai-tecno-pova-7_4_.png
10,https://cdn2.cellphones.com.vn/x/media/catalog/product/d/i/dien-thoai-tecno-pova-7_15_.png
10,https://cdn2.cellphones.com.vn/x/media/catalog/product/s/l/slider-techno-pova-7_1.jpg
10,https://cdn2.cellphones.com.vn/x/media/catalog/product/d/i/dien-thoai-tecno-pova-7_20_.png
10,https://cdn2.cellphones.com.vn/x/media/catalog/product/d/i/dien-thoai-tecno-pova-7_6_.png
10,https://cdn2.cellphones.com.vn/x/media/catalog/product/s/l/slider-techno-pova-7.jpg
10,https://cdn2.cellphones.com.vn/x/media/catalog/product/d/i/dien-thoai-tecno-pova-7_14_.png
10,https://cdn2.cellphones.com.vn/x/media/catalog/product/d/i/dien-thoai-tecno-pova-7_1_.png
10,https://cdn2.cellphones.com.vn/x/media/catalog/product/d/i/dien-thoai-tecno-pova-7_5_.png
10,https://cdn2.cellphones.com.vn/x/media/catalog/product/d/i/dien-thoai-tecno-pova-7_19_.png
10,https://cdn2.cellphones.com.vn/x/media/catalog/product/d/i/dien-thoai-tecno-pova-7_13_.png
10,https://cdn2.cellphones.com.vn/x/media/catalog/product/d/i/dien-thoai-tecno-pova-7_8_.png
10,https://cdn2.cellphones.com.vn/x/media/catalog/product/d/i/dien-thoai-tecno-pova-7_16_.png
10,https://cdn2.cellphones.com.vn/x/media/catalog/product/d/i/dien-thoai-tecno-pova-7_7_.png
10,https://cdn2.cellphones.com.vn/x/media/catalog/product/d/i/dien-thoai-tecno-pova-7_2_.png
10,https://cdn2.cellphones.com.vn/x/media/catalog/product/s/l/slider-techno-pova-7-3.jpg
10,https://cdn2.cellphones.com.vn/x/media/catalog/product/s/l/slider-techno-pova-7-4.jpg
10,https://cdn2.cellphones.com.vn/x/media/catalog/product/d/i/dien-thoai-tecno-pova-7_12_.png
10,https://cdn2.cellphones.com.vn/x/media/catalog/product/d/i/dien-thoai-tecno-pova-7_11_.png
10,https://cdn2.cellphones.com.vn/x/media/catalog/product/d/i/dien-thoai-tecno-pova-7_9_.png
10,https://cdn2.cellphones.com.vn/x/media/catalog/product/d/i/dien-thoai-tecno-pova-7.png
10,https://cdn2.cellphones.com.vn/x/media/catalog/product/d/i/dien-thoai-tecno-pova-7_18_.png
10,https://cdn2.cellphones.com.vn/x/media/catalog/product/d/i/dien-thoai-tecno-pova-7_10_.png
10,https://cdn2.cellphones.com.vn/x/media/catalog/product/s/l/slider-techno-pova-7-2.jpg
11,https://cdn2.cellphones.com.vn/x/media/catalog/product/d/i/dien-thoai-honor-x9d-6_2.jpg
11,https://cdn2.cellphones.com.vn/x/media/catalog/product/d/i/dien-thoai-honor-x9d-1_4.jpg
11,https://cdn2.cellphones.com.vn/x/media/catalog/product/d/i/dien-thoai-honor-x9d-5_4.jpg
11,https://cdn2.cellphones.com.vn/x/media/catalog/product/d/i/dien-thoai-honor-x9d-4_3.jpg
11,https://cdn2.cellphones.com.vn/358x/media/wysiwyg/placehoder.png
11,https://cdn2.cellphones.com.vn/x/media/catalog/product/d/i/dien-thoai-honor-x9d-6_1.jpg
11,https://cdn2.cellphones.com.vn/x/media/catalog/product/d/i/dien-thoai-honor-x9d-2_1.jpg
11,https://cdn2.cellphones.com.vn/x/media/catalog/product/s/l/slider-honor-x9d-12gb-512gb.jpg
11,https://cdn2.cellphones.com.vn/x/media/catalog/product/d/i/dien-thoai-honor-x9d-3_3.jpg
11,https://cdn2.cellphones.com.vn/x/media/catalog/product/d/i/dien-thoai-honor-x9d-3_1.jpg
11,https://cdn2.cellphones.com.vn/x/media/catalog/product/s/l/slider-honor-x9d-12gb-512gb-1_1.jpg
11,https://cdn2.cellphones.com.vn/x/media/catalog/product/d/i/dien-thoai-honor-x9d-4_2.jpg
11,https://cdn2.cellphones.com.vn/x/media/catalog/product/d/i/dien-thoai-honor-x9d-4_4.jpg
11,https://cdn2.cellphones.com.vn/x/media/catalog/product/d/i/dien-thoai-honor-x9d_4.jpg
11,https://cdn2.cellphones.com.vn/x/media/catalog/product/d/i/dien-thoai-honor-x9d-11_2.jpg
11,https://cdn2.cellphones.com.vn/x/media/catalog/product/d/i/dien-thoai-honor-x9d_3.jpg
11,https://cdn2.cellphones.com.vn/x/media/catalog/product/d/i/dien-thoai-honor-x9d-6_3.jpg
11,https://cdn2.cellphones.com.vn/x/media/catalog/product/d/i/dien-thoai-honor-x9d-8_2.jpg
11,https://cdn2.cellphones.com.vn/x/media/catalog/product/d/i/dien-thoai-honor-x9d-11_1.jpg
11,https://cdn2.cellphones.com.vn/x/media/catalog/product/d/i/dien-thoai-honor-x9d-10_1.jpg
11,https://cdn2.cellphones.com.vn/x/media/catalog/product/d/i/dien-thoai-honor-x9d-7_4.jpg
11,https://cdn2.cellphones.com.vn/x/media/catalog/product/d/i/dien-thoai-honor-x9d-1_5.jpg
11,https://cdn2.cellphones.com.vn/x/media/catalog/product/s/l/slider-honor-x9d-12gb-512gb-3.jpg
11,https://cdn2.cellphones.com.vn/x/media/catalog/product/d/i/dien-thoai-honor-x9d-5_5.jpg
11,https://cdn2.cellphones.com.vn/x/media/catalog/product/s/l/slider-honor-x9d-12gb-512gb-4.jpg
11,https://cdn2.cellphones.com.vn/x/media/catalog/product/d/i/dien-thoai-honor-x9d-3_5.jpg
11,https://cdn2.cellphones.com.vn/x/media/catalog/product/d/i/dien-thoai-honor-x9d-9_1.jpg
11,https://cdn2.cellphones.com.vn/x/media/catalog/product/d/i/dien-thoai-honor-x9d-6_4.jpg
11,https://cdn2.cellphones.com.vn/x/media/catalog/product/d/i/dien-thoai-honor-x9d-7_2.jpg
11,https://cdn2.cellphones.com.vn/x/media/catalog/product/s/l/slider-honor-x9d-12gb-512gb-2.jpg
11,https://cdn2.cellphones.com.vn/x/media/catalog/product/d/i/dien-thoai-honor-x9d-3_4.jpg
11,https://cdn2.cellphones.com.vn/x/media/catalog/product/d/i/dien-thoai-honor-x9d-8_1.jpg
11,https://cdn2.cellphones.com.vn/x/media/catalog/product/d/i/dien-thoai-honor-x9d-7_3.jpg
11,https://cdn2.cellphones.com.vn/x/media/catalog/product/d/i/dien-thoai-honor-x9d-5_3.jpg
11,https://cdn2.cellphones.com.vn/x/media/catalog/product/d/i/dien-thoai-honor-x9d-10_2.jpg
11,https://cdn2.cellphones.com.vn/x/media/catalog/product/d/i/dien-thoai-honor-x9d-1_3.jpg
11,https://cdn2.cellphones.com.vn/x/media/catalog/product/d/i/dien-thoai-honor-x9d-2_4.jpg
11,https://cdn2.cellphones.com.vn/x/media/catalog/product/d/i/dien-thoai-honor-x9d-2_3.jpg
11,https://cdn2.cellphones.com.vn/x/media/catalog/product/d/i/dien-thoai-honor-x9d-2_5.jpg
12,https://cdn2.cellphones.com.vn/x/media/catalog/product/n/o/nothing_phone_2a_plus_12gb_256gb_-_3.png
12,https://cdn2.cellphones.com.vn/x/media/catalog/product/n/o/nothing_phone_2a_plus_12gb_256gb_-_1.png
12,https://cdn2.cellphones.com.vn/x/media/catalog/product/n/o/nothing_phone_2a_plus_12gb_256gb_-_4.png
12,https://cdn2.cellphones.com.vn/358x/media/wysiwyg/placehoder.png
12,https://cdn2.cellphones.com.vn/x/media/catalog/product/d/i/dien-thoai-nothing-phone-2a-plus_3_.png
12,https://img.youtube.com/vi/qygNcvRF9S4/maxresdefault.jpg
12,https://cdn2.cellphones.com.vn/x/media/catalog/product/d/i/dien-thoai-nothing-phone-2a-plus_2_.png
12,https://cdn2.cellphones.com.vn/x/media/catalog/product/n/o/nothing_phone_2a_plus_12gb_256gb_-_2.png
12,https://cdn2.cellphones.com.vn/x/media/catalog/product/d/i/dien-thoai-nothing-phone-2a-plus_5_.png
12,https://cdn2.cellphones.com.vn/x/media/catalog/product/d/i/dien-thoai-nothing-phone-2a-plus_4_.png
12,https://cdn2.cellphones.com.vn/x/media/catalog/product/d/i/dien-thoai-nothing-phone-2a-plus_1_.png
12,https://cdn2.cellphones.com.vn/x/media/catalog/product/n/o/nothing_phone_2a_plus_12gb_256gb_-_5.png
12,https://cdn2.cellphones.com.vn/x/media/catalog/product/d/i/dien-thoai-nothing-phone-2a-plus.png
13,https://cdn2.cellphones.com.vn/x/media/catalog/product/s/a/samsung-galaxy-s26-19.jpg
13,https://cdn2.cellphones.com.vn/x/media/catalog/product/s/a/samsung-galaxy-s26-28.jpg
13,https://cdn2.cellphones.com.vn/x/media/catalog/product/s/a/samsung-galaxy-s26-16.jpg
13,https://cdn2.cellphones.com.vn/x/media/catalog/product/s/a/samsung-galaxy-s26-9.jpg
13,https://cdn2.cellphones.com.vn/x/media/catalog/product/s/a/samsung-galaxy-s26-24.jpg
13,https://cdn2.cellphones.com.vn/358x/media/wysiwyg/placehoder.png
13,https://cdn2.cellphones.com.vn/x/media/catalog/product/s/a/samsung-galaxy-s26.jpg
13,https://cdn2.cellphones.com.vn/x/media/catalog/product/s/a/samsung-galaxy-s26-8.jpg
13,https://cdn2.cellphones.com.vn/x/media/catalog/product/s/a/samsung-galaxy-s26-14.jpg
13,https://cdn2.cellphones.com.vn/x/media/catalog/product/s/a/samsung-galaxy-s26-7.jpg
13,https://cdn2.cellphones.com.vn/x/media/catalog/product/s/a/samsung-galaxy-s26-13.jpg
13,https://cdn2.cellphones.com.vn/x/media/catalog/product/s/a/samsung-galaxy-s26-32.jpg
13,https://cdn2.cellphones.com.vn/x/media/catalog/product/s/a/samsung-galaxy-s26-21.jpg
13,https://cdn2.cellphones.com.vn/x/media/catalog/product/s/a/samsung-galaxy-s26-38.jpg
13,https://img.youtube.com/vi/tDlZhAC7vj0/maxresdefault.jpg
13,https://cdn2.cellphones.com.vn/x/media/catalog/product/s/a/samsung-galaxy-s26-3.jpg
13,https://cdn2.cellphones.com.vn/x/media/catalog/product/s/a/samsung-galaxy-s26-2.jpg
13,https://cdn2.cellphones.com.vn/x/media/catalog/product/s/a/samsung-galaxy-s26-22.jpg
13,https://cdn2.cellphones.com.vn/x/media/catalog/product/s/a/samsung-galaxy-s26-26.jpg
13,https://cdn2.cellphones.com.vn/x/media/catalog/product/s/a/samsung-galaxy-s26-18.jpg
13,https://cdn2.cellphones.com.vn/x/media/catalog/product/s/a/samsung-galaxy-s26-35.jpg
13,https://cdn2.cellphones.com.vn/x/media/catalog/product/s/a/samsung-galaxy-s26-27.jpg
13,https://cdn2.cellphones.com.vn/x/media/catalog/product/s/a/samsung-galaxy-s26-23.jpg
13,https://cdn2.cellphones.com.vn/x/media/catalog/product/s/a/samsung-galaxy-s26-39.jpg
13,https://cdn2.cellphones.com.vn/x/media/catalog/product/s/a/samsung-galaxy-s26-4.jpg
13,https://cdn2.cellphones.com.vn/x/media/catalog/product/s/a/samsung-galaxy-s26-11.jpg
13,https://cdn2.cellphones.com.vn/x/media/catalog/product/s/a/samsung-galaxy-s26-34.jpg
13,https://cdn2.cellphones.com.vn/x/media/catalog/product/s/a/samsung-galaxy-s26-30.jpg
13,https://cdn2.cellphones.com.vn/x/media/catalog/product/s/a/samsung-galaxy-s26-17.jpg
13,https://cdn2.cellphones.com.vn/x/media/catalog/product/s/a/samsung-galaxy-s26-6.jpg
13,https://cdn2.cellphones.com.vn/x/media/catalog/product/s/a/samsung-galaxy-s26-37.jpg
13,https://cdn2.cellphones.com.vn/x/media/catalog/product/s/a/samsung-galaxy-s26-10.jpg
13,https://cdn2.cellphones.com.vn/x/media/catalog/product/s/a/samsung-galaxy-s26-5.jpg
13,https://cdn2.cellphones.com.vn/x/media/catalog/product/s/a/samsung-galaxy-s26-15.jpg
13,https://cdn2.cellphones.com.vn/x/media/catalog/product/s/a/samsung-galaxy-s26-1.jpg
13,https://cdn2.cellphones.com.vn/x/media/catalog/product/s/a/samsung-galaxy-s26-29.jpg
13,https://cdn2.cellphones.com.vn/x/media/catalog/product/s/a/samsung-galaxy-s26-20.jpg
13,https://cdn2.cellphones.com.vn/x/media/catalog/product/s/a/samsung-galaxy-s26-31.jpg
13,https://cdn2.cellphones.com.vn/x/media/catalog/product/s/a/samsung-galaxy-s26-33.jpg
13,https://cdn2.cellphones.com.vn/x/media/catalog/product/s/a/samsung-galaxy-s26-25.jpg
13,https://cdn2.cellphones.com.vn/x/media/catalog/product/s/a/samsung-galaxy-s26-12.jpg
13,https://cdn2.cellphones.com.vn/x/media/catalog/product/s/a/samsung-galaxy-s26-36.jpg
14,https://cdn2.cellphones.com.vn/x/media/catalog/product/s/a/samsung-galaxy-s26-ultra-26.jpg
14,https://cdn2.cellphones.com.vn/x/media/catalog/product/s/a/samsung-galaxy-s26-ultra-23.jpg
14,https://cdn2.cellphones.com.vn/358x/media/wysiwyg/placehoder.png
14,https://img.youtube.com/vi/kefzNWEZG4k/maxresdefault.jpg
14,https://cdn2.cellphones.com.vn/x/media/catalog/product/s/a/samsung-galaxy-s26-ultra-29.jpg
14,https://cdn2.cellphones.com.vn/x/media/catalog/product/s/a/samsung-galaxy-s26-ultra-9.jpg
14,https://cdn2.cellphones.com.vn/x/media/catalog/product/s/a/samsung-galaxy-s26-ultra-5.jpg
14,https://cdn2.cellphones.com.vn/x/media/catalog/product/s/a/samsung-galaxy-s26-ultra-6.jpg
14,https://cdn2.cellphones.com.vn/x/media/catalog/product/s/a/samsung-galaxy-s26-ultra-22.jpg
14,https://cdn2.cellphones.com.vn/x/media/catalog/product/s/a/samsung-galaxy-s26-ultra-41.jpg
14,https://cdn2.cellphones.com.vn/x/media/catalog/product/s/a/samsung-galaxy-s26-ultra-31.jpg
14,https://cdn2.cellphones.com.vn/x/media/catalog/product/s/a/samsung-galaxy-s26-ultra-39.jpg
14,https://cdn2.cellphones.com.vn/x/media/catalog/product/s/a/samsung-galaxy-s26-ultra-13.jpg
14,https://cdn2.cellphones.com.vn/x/media/catalog/product/s/a/samsung-galaxy-s26-ultra-27.jpg
14,https://cdn2.cellphones.com.vn/x/media/catalog/product/s/a/samsung-galaxy-s26-ultra-16.jpg
14,https://cdn2.cellphones.com.vn/x/media/catalog/product/s/a/samsung-galaxy-s26-ultra-36.jpg
14,https://cdn2.cellphones.com.vn/x/media/catalog/product/s/a/samsung-galaxy-s26-ultra-34.jpg
14,https://cdn2.cellphones.com.vn/x/media/catalog/product/s/a/samsung-galaxy-s26-ultra-19.jpg
14,https://cdn2.cellphones.com.vn/x/media/catalog/product/s/a/samsung-galaxy-s26-ultra-25.jpg
14,https://cdn2.cellphones.com.vn/x/media/catalog/product/s/a/samsung-galaxy-s26-ultra-30.jpg
14,https://cdn2.cellphones.com.vn/x/media/catalog/product/s/a/samsung-galaxy-s26-ultra-12.jpg
14,https://cdn2.cellphones.com.vn/x/media/catalog/product/s/a/samsung-galaxy-s26-ultra-35.jpg
14,https://cdn2.cellphones.com.vn/x/media/catalog/product/s/a/samsung-galaxy-s26-ultra-3.jpg
14,https://cdn2.cellphones.com.vn/x/media/catalog/product/s/a/samsung-galaxy-s26-ultra-2.jpg
14,https://cdn2.cellphones.com.vn/x/media/catalog/product/s/a/samsung-galaxy-s26-ultra-7.jpg
14,https://cdn2.cellphones.com.vn/x/media/catalog/product/s/a/samsung-galaxy-s26-ultra-8.jpg
14,https://cdn2.cellphones.com.vn/x/media/catalog/product/s/a/samsung-galaxy-s26-ultra.jpg
14,https://cdn2.cellphones.com.vn/x/media/catalog/product/s/a/samsung-galaxy-s26-ultra-37.jpg
14,https://cdn2.cellphones.com.vn/x/media/catalog/product/s/a/samsung-galaxy-s26-ultra-1.jpg
14,https://cdn2.cellphones.com.vn/x/media/catalog/product/s/a/samsung-galaxy-s26-ultra-4.jpg
14,https://cdn2.cellphones.com.vn/x/media/catalog/product/s/a/samsung-galaxy-s26-ultra-32.jpg
14,https://cdn2.cellphones.com.vn/x/media/catalog/product/s/a/samsung-galaxy-s26-ultra-40.jpg
14,https://cdn2.cellphones.com.vn/x/media/catalog/product/s/a/samsung-galaxy-s26-ultra-38.jpg
14,https://cdn2.cellphones.com.vn/x/media/catalog/product/s/a/samsung-galaxy-s26-ultra-18.jpg
14,https://cdn2.cellphones.com.vn/x/media/catalog/product/s/a/samsung-galaxy-s26-ultra-21.jpg
14,https://cdn2.cellphones.com.vn/x/media/catalog/product/s/a/samsung-galaxy-s26-ultra-14.jpg
14,https://cdn2.cellphones.com.vn/x/media/catalog/product/s/a/samsung-galaxy-s26-ultra-11.jpg
14,https://cdn2.cellphones.com.vn/x/media/catalog/product/s/a/samsung-galaxy-s26-ultra-24.jpg
14,https://cdn2.cellphones.com.vn/x/media/catalog/product/s/a/samsung-galaxy-s26-ultra-43.jpg
14,https://cdn2.cellphones.com.vn/x/media/catalog/product/s/a/samsung-galaxy-s26-ultra-17.jpg
14,https://cdn2.cellphones.com.vn/x/media/catalog/product/s/a/samsung-galaxy-s26-ultra-10.jpg
14,https://cdn2.cellphones.com.vn/x/media/catalog/product/s/a/samsung-galaxy-s26-ultra-15.jpg
14,https://cdn2.cellphones.com.vn/x/media/catalog/product/s/a/samsung-galaxy-s26-ultra-42.jpg
14,https://cdn2.cellphones.com.vn/x/media/catalog/product/s/a/samsung-galaxy-s26-ultra-28.jpg
14,https://cdn2.cellphones.com.vn/x/media/catalog/product/s/a/samsung-galaxy-s26-ultra-33.jpg
14,https://cdn2.cellphones.com.vn/x/media/catalog/product/s/a/samsung-galaxy-s26-ultra-20.jpg
15,https://cdn2.cellphones.com.vn/x/media/catalog/product/d/i/dien-thoai-xiaomi-poco-x8-pro-max-4.jpg
15,https://cdn2.cellphones.com.vn/x/media/catalog/product/d/i/dien-thoai-xiaomi-poco-x8-pro-max-1.jpg
15,https://cdn2.cellphones.com.vn/x/media/catalog/product/x/i/xiaomi-poco-x8-pro-max-5.jpg
15,https://cdn2.cellphones.com.vn/x/media/catalog/product/d/i/dien-thoai-xiaomi-poco-x8-pro-max.jpg
15,https://cdn2.cellphones.com.vn/x/media/catalog/product/x/i/xiaomi-poco-x8-pro-max_2.jpg
15,https://cdn2.cellphones.com.vn/x/media/catalog/product/d/i/dien-thoai-xiaomi-poco-x8-pro-max-2.jpg
15,https://cdn2.cellphones.com.vn/x/media/catalog/product/x/i/xiaomi-poco-x8-pro-max-2.jpg
15,https://cdn2.cellphones.com.vn/358x/media/wysiwyg/placehoder.png
15,https://cdn2.cellphones.com.vn/x/media/catalog/product/x/i/xiaomi-poco-x8-pro-max-4.jpg
15,https://cdn2.cellphones.com.vn/x/media/catalog/product/x/i/xiaomi-poco-x8-pro-max-3.jpg
15,https://cdn2.cellphones.com.vn/x/media/catalog/product/d/i/dien-thoai-xiaomi-poco-x8-pro-max-3.jpg
15,https://cdn2.cellphones.com.vn/x/media/catalog/product/x/i/xiaomi-poco-x8-pro-max-1.jpg
16,https://cdn2.cellphones.com.vn/x/media/catalog/product/s/a/samsung-galaxy-a07-black-8.jpg
16,https://cdn2.cellphones.com.vn/358x/media/wysiwyg/placehoder.png
16,https://cdn2.cellphones.com.vn/x/media/catalog/product/s/a/samsung-galaxy-a07-green-5.jpg
16,https://cdn2.cellphones.com.vn/x/media/catalog/product/s/a/samsung-galaxy-a07-violet-4.jpg
16,https://cdn2.cellphones.com.vn/x/media/catalog/product/s/a/samsung-galaxy-a07-green.jpg
16,https://cdn2.cellphones.com.vn/x/media/catalog/product/s/a/samsung-galaxy-a07-black-5.jpg
16,https://cdn2.cellphones.com.vn/x/media/catalog/product/s/a/samsung-galaxy-a07-violet-6.jpg
16,https://cdn2.cellphones.com.vn/x/media/catalog/product/s/a/samsung-galaxy-a07-black-4.jpg
16,https://cdn2.cellphones.com.vn/x/media/catalog/product/s/a/samsung-galaxy-a07-green-1.jpg
16,https://cdn2.cellphones.com.vn/x/media/catalog/product/s/a/samsung-galaxy-a07-violet-7.jpg
16,https://cdn2.cellphones.com.vn/x/media/catalog/product/s/a/samsung-galaxy-a07-black-7.jpg
16,https://cdn2.cellphones.com.vn/x/media/catalog/product/s/a/samsung-galaxy-a07-violet-2.jpg
16,https://cdn2.cellphones.com.vn/x/media/catalog/product/s/a/samsung-galaxy-a07-violet-3.jpg
16,https://cdn2.cellphones.com.vn/x/media/catalog/product/s/a/samsung-galaxy-a07-green-4.jpg
16,https://cdn2.cellphones.com.vn/x/media/catalog/product/s/a/samsung-galaxy-a07-violet-5.jpg
16,https://cdn2.cellphones.com.vn/x/media/catalog/product/s/a/samsung-galaxy-a07-black-1.jpg
16,https://cdn2.cellphones.com.vn/x/media/catalog/product/s/a/samsung-galaxy-a07-black.jpg
16,https://cdn2.cellphones.com.vn/x/media/catalog/product/s/l/slider-samsung-galaxy-a07-1.jpg
16,https://cdn2.cellphones.com.vn/x/media/catalog/product/s/a/samsung-galaxy-a07-black-2.jpg
16,https://cdn2.cellphones.com.vn/x/media/catalog/product/s/l/slider-samsung-galaxy-a07-2.jpg
16,https://cdn2.cellphones.com.vn/x/media/catalog/product/s/a/samsung-galaxy-a07-violet-1.jpg
16,https://cdn2.cellphones.com.vn/x/media/catalog/product/s/a/samsung-galaxy-a07-green-8.jpg
16,https://cdn2.cellphones.com.vn/x/media/catalog/product/s/a/samsung-galaxy-a07-green-6.jpg
16,https://cdn2.cellphones.com.vn/x/media/catalog/product/s/a/samsung-galaxy-a07-green-3.jpg
16,https://cdn2.cellphones.com.vn/x/media/catalog/product/s/l/slider-samsung-galaxy-a07.jpg
16,https://cdn2.cellphones.com.vn/x/media/catalog/product/s/a/samsung-galaxy-a07-black-3.jpg
16,https://cdn2.cellphones.com.vn/x/media/catalog/product/s/a/samsung-galaxy-a07-green-2.jpg
16,https://cdn2.cellphones.com.vn/x/media/catalog/product/s/l/slider-samsung-galaxy-a07-4.jpg
16,https://cdn2.cellphones.com.vn/x/media/catalog/product/s/a/samsung-galaxy-a07-violet.jpg
16,https://cdn2.cellphones.com.vn/x/media/catalog/product/s/l/slider-samsung-galaxy-a07-3.jpg
16,https://cdn2.cellphones.com.vn/x/media/catalog/product/s/a/samsung-galaxy-a07-black-6.jpg
16,https://cdn2.cellphones.com.vn/x/media/catalog/product/s/a/samsung-galaxy-a07-green-7.jpg
16,https://cdn2.cellphones.com.vn/x/media/catalog/product/s/a/samsung-galaxy-a07-violet-8.jpg
17,https://cdn2.cellphones.com.vn/x/media/catalog/product/s/a/samsung-galaxy-s26-ultra-3_1.jpg
17,https://cdn2.cellphones.com.vn/x/media/catalog/product/s/a/samsung-galaxy-s26-ultra-38_1.jpg
17,https://cdn2.cellphones.com.vn/x/media/catalog/product/s/a/samsung-galaxy-s26-ultra-43_1.jpg
17,https://cdn2.cellphones.com.vn/x/media/catalog/product/s/a/samsung-galaxy-s26-ultra-33_1.jpg
17,https://cdn2.cellphones.com.vn/x/media/catalog/product/s/a/samsung-galaxy-s26-ultra-34_1.jpg
17,https://cdn2.cellphones.com.vn/x/media/catalog/product/s/a/samsung-galaxy-s26-ultra-17_1.jpg
17,https://cdn2.cellphones.com.vn/x/media/catalog/product/s/a/samsung-galaxy-s26-ultra-10_1.jpg
17,https://cdn2.cellphones.com.vn/x/media/catalog/product/s/a/samsung-galaxy-s26-ultra-9_1.jpg
17,https://cdn2.cellphones.com.vn/x/media/catalog/product/s/a/samsung-galaxy-s26-ultra-25_1.jpg
17,https://img.youtube.com/vi/kefzNWEZG4k/maxresdefault.jpg
17,https://cdn2.cellphones.com.vn/358x/media/wysiwyg/placehoder.png
17,https://cdn2.cellphones.com.vn/x/media/catalog/product/s/a/samsung-galaxy-s26-ultra-36_1.jpg
17,https://cdn2.cellphones.com.vn/x/media/catalog/product/s/a/samsung-galaxy-s26-ultra-24_1.jpg
17,https://cdn2.cellphones.com.vn/x/media/catalog/product/s/a/samsung-galaxy-s26-ultra-40_1.jpg
17,https://cdn2.cellphones.com.vn/x/media/catalog/product/s/a/samsung-galaxy-s26-ultra-37_1.jpg
17,https://cdn2.cellphones.com.vn/x/media/catalog/product/s/a/samsung-galaxy-s26-ultra-14_1.jpg
17,https://cdn2.cellphones.com.vn/x/media/catalog/product/s/a/samsung-galaxy-s26-ultra-23_1.jpg
17,https://cdn2.cellphones.com.vn/x/media/catalog/product/s/a/samsung-galaxy-s26-ultra-26_1.jpg
17,https://cdn2.cellphones.com.vn/x/media/catalog/product/s/a/samsung-galaxy-s26-ultra-18_1.jpg
17,https://cdn2.cellphones.com.vn/x/media/catalog/product/s/a/samsung-galaxy-s26-ultra-19_1.jpg
17,https://cdn2.cellphones.com.vn/x/media/catalog/product/s/a/samsung-galaxy-s26-ultra-7_1.jpg
17,https://cdn2.cellphones.com.vn/x/media/catalog/product/s/a/samsung-galaxy-s26-ultra-41_1.jpg
17,https://cdn2.cellphones.com.vn/x/media/catalog/product/s/a/samsung-galaxy-s26-ultra-15_1.jpg
17,https://cdn2.cellphones.com.vn/x/media/catalog/product/s/a/samsung-galaxy-s26-ultra-21_1.jpg
17,https://cdn2.cellphones.com.vn/x/media/catalog/product/s/a/samsung-galaxy-s26-ultra-6_1.jpg
17,https://cdn2.cellphones.com.vn/x/media/catalog/product/s/a/samsung-galaxy-s26-ultra-5_1.jpg
17,https://cdn2.cellphones.com.vn/x/media/catalog/product/s/a/samsung-galaxy-s26-ultra-30_1.jpg
17,https://cdn2.cellphones.com.vn/x/media/catalog/product/s/a/samsung-galaxy-s26-ultra-35_1.jpg
17,https://cdn2.cellphones.com.vn/x/media/catalog/product/s/a/samsung-galaxy-s26-ultra_1.jpg
17,https://cdn2.cellphones.com.vn/x/media/catalog/product/s/a/samsung-galaxy-s26-ultra-1_1.jpg
17,https://cdn2.cellphones.com.vn/x/media/catalog/product/s/a/samsung-galaxy-s26-ultra-31_1.jpg
17,https://cdn2.cellphones.com.vn/x/media/catalog/product/s/a/samsung-galaxy-s26-ultra-27_1.jpg
17,https://cdn2.cellphones.com.vn/x/media/catalog/product/s/a/samsung-galaxy-s26-ultra-28_1.jpg
17,https://cdn2.cellphones.com.vn/x/media/catalog/product/s/a/samsung-galaxy-s26-ultra-16_1.jpg
17,https://cdn2.cellphones.com.vn/x/media/catalog/product/s/a/samsung-galaxy-s26-ultra-12_1.jpg
17,https://cdn2.cellphones.com.vn/x/media/catalog/product/s/a/samsung-galaxy-s26-ultra-42_1.jpg
17,https://cdn2.cellphones.com.vn/x/media/catalog/product/s/a/samsung-galaxy-s26-ultra-4_1.jpg
17,https://cdn2.cellphones.com.vn/x/media/catalog/product/s/a/samsung-galaxy-s26-ultra-39_1.jpg
17,https://cdn2.cellphones.com.vn/x/media/catalog/product/s/a/samsung-galaxy-s26-ultra-11_1.jpg
17,https://cdn2.cellphones.com.vn/x/media/catalog/product/s/a/samsung-galaxy-s26-ultra-20_1.jpg
17,https://cdn2.cellphones.com.vn/x/media/catalog/product/s/a/samsung-galaxy-s26-ultra-22_1.jpg
17,https://cdn2.cellphones.com.vn/x/media/catalog/product/s/a/samsung-galaxy-s26-ultra-29_1.jpg
17,https://cdn2.cellphones.com.vn/x/media/catalog/product/s/a/samsung-galaxy-s26-ultra-2_1.jpg
17,https://cdn2.cellphones.com.vn/x/media/catalog/product/s/a/samsung-galaxy-s26-ultra-32_1.jpg
17,https://cdn2.cellphones.com.vn/x/media/catalog/product/s/a/samsung-galaxy-s26-ultra-8_1.jpg
17,https://cdn2.cellphones.com.vn/x/media/catalog/product/s/a/samsung-galaxy-s26-ultra-13_1.jpg
